datetime,temperature
2021-07-04T08:15:00.000Z,17.832
2021-07-04T12:15:00.000Z,19.1165
2021-07-04T16:15:00.000Z,19.6785
2021-07-04T20:15:00.000Z,19.5215
2021-07-05T00:15:00.000Z,17.68
2021-07-05T04:15:00.000Z,17.73
2021-07-05T08:15:00.000Z,18.3175
2021-07-05T12:15:00.000Z,19.4815
2021-07-05T16:15:00.000Z,20.518
2021-07-05T20:15:00.000Z,19.133
2021-07-06T00:15:00.000Z,17.954
2021-07-06T04:15:00.000Z,17.879
2021-07-06T08:15:00.000Z,18.4045
2021-07-06T12:15:00.000Z,19.7465
2021-07-06T16:15:00.000Z,20.106
2021-07-06T20:15:00.000Z,19.605
2021-07-07T00:15:00.000Z,18.481
2021-07-07T04:15:00.000Z,18.3775
2021-07-07T08:15:00.000Z,19.0415
2021-07-07T12:15:00.000Z,20.4715
2021-07-07T16:15:00.000Z,20.959
2021-07-07T20:15:00.000Z,20.4325
2021-07-08T00:15:00.000Z,18.394
2021-07-08T04:15:00.000Z,18.129
2021-07-08T08:15:00.000Z,18.8005
2021-07-08T12:15:00.000Z,20.1805
2021-07-08T16:15:00.000Z,20.4315
2021-07-08T20:15:00.000Z,20.272
2021-07-09T00:15:00.000Z,18.2775
2021-07-09T04:15:00.000Z,17.921
2021-07-09T08:15:00.000Z,18.2915
2021-07-09T12:15:00.000Z,20.3725
2021-07-09T16:15:00.000Z,21.0115
2021-07-09T20:15:00.000Z,20.348
2021-07-10T00:15:00.000Z,19.2275
2021-07-10T04:15:00.000Z,18.4605
2021-07-10T08:15:00.000Z,18.3545
2021-07-10T12:15:00.000Z,18.9615
2021-07-10T16:15:00.000Z,19.534
2021-07-10T20:15:00.000Z,19.339
2021-07-11T00:15:00.000Z,17.9615
2021-07-11T04:15:00.000Z,17.4525
2021-07-11T08:15:00.000Z,17.8725
2021-07-11T12:15:00.000Z,19.247
2021-07-11T16:15:01.000Z,19.768
2021-07-11T20:15:00.000Z,18.97
2021-07-12T00:15:00.000Z,17.7955
2021-07-12T04:15:00.000Z,17.7895
2021-07-12T08:15:00.000Z,18.339
2021-07-12T12:15:00.000Z,19.011
2021-07-12T16:15:00.000Z,19.3705
2021-07-12T20:15:05.000Z,19.383
2021-07-13T00:15:00.000Z,17.53
2021-07-13T04:15:00.000Z,17.8935
2021-07-13T08:15:00.000Z,17.912
2021-07-13T12:15:00.000Z,19.547
2021-07-13T16:15:00.000Z,19.8345
2021-07-13T20:15:00.000Z,19.566
2021-07-14T00:15:00.000Z,18.027
2021-07-14T04:15:00.000Z,17.823
2021-07-14T08:15:00.000Z,18.7825
2021-07-14T12:15:00.000Z,19.5655
2021-07-14T16:15:00.000Z,20.1955
2021-07-14T20:15:00.000Z,20.244
2021-07-15T00:15:00.000Z,19.1685
2021-07-15T04:15:00.000Z,19.011
2021-07-15T08:15:00.000Z,19.378
2021-07-15T12:15:00.000Z,20.971
2021-07-15T16:15:00.000Z,21.224
2021-07-15T20:15:00.000Z,21.1785
2021-07-16T00:15:00.000Z,19.364
2021-07-16T04:15:00.000Z,19.206
2021-07-16T08:15:00.000Z,19.328
2021-07-16T12:15:00.000Z,20.747
2021-07-16T16:15:00.000Z,21.6045
2021-07-16T20:15:00.000Z,21.216
2021-07-17T00:15:00.000Z,19.397
2021-07-17T04:15:00.000Z,18.8955
2021-07-17T08:15:00.000Z,19.225
2021-07-17T12:15:00.000Z,20.694
2021-07-17T16:15:00.000Z,21.802
2021-07-17T20:15:00.000Z,21.612
2021-07-18T00:15:00.000Z,19.494
2021-07-18T04:15:00.000Z,19.1585
2021-07-18T08:15:00.000Z,19.505
2021-07-18T12:15:00.000Z,20.9985
2021-07-18T16:15:00.000Z,21.066
2021-07-18T20:15:00.000Z,20.705
2021-07-19T00:15:00.000Z,19.1035
2021-07-19T04:15:00.000Z,19.09
2021-07-19T08:15:00.000Z,19.0275
2021-07-19T12:15:00.000Z,20.619
2021-07-19T16:15:03.000Z,20.618
2021-07-19T20:15:00.000Z,20.5665
2021-07-20T00:15:00.000Z,19.2605
2021-07-20T04:15:00.000Z,19.169
2021-07-20T08:15:00.000Z,19.16
2021-07-20T12:15:00.000Z,20.7885
2021-07-20T16:15:00.000Z,20.95
2021-07-20T20:15:00.000Z,20.5365
2021-07-21T00:15:00.000Z,18.787
2021-07-21T04:15:00.000Z,18.301
2021-07-21T08:15:01.000Z,19.7075
2021-07-21T12:15:00.000Z,20.0385
2021-07-21T16:15:00.000Z,20.815
2021-07-21T20:15:00.000Z,20.5715
2021-07-22T00:15:00.000Z,18.1005
2021-07-22T04:15:00.000Z,18.5965
2021-07-22T08:15:00.000Z,19.259
2021-07-22T12:15:00.000Z,20.8355
2021-07-22T16:15:00.000Z,21.2845
2021-07-22T20:15:00.000Z,20.495
2021-07-23T00:15:00.000Z,18.4895
2021-07-23T04:15:00.000Z,18.4225
2021-07-23T08:15:00.000Z,18.551
2021-07-23T12:15:00.000Z,19.9175
2021-07-23T16:15:01.000Z,20.9895
2021-07-23T20:15:00.000Z,20.442
2021-07-24T00:15:00.000Z,19.398
2021-07-24T04:15:00.000Z,18.945
2021-07-24T08:15:00.000Z,18.1325
2021-07-24T12:15:00.000Z,19.6025
2021-07-24T16:15:00.000Z,20.6665
2021-07-24T20:15:00.000Z,20.591
2021-07-25T00:15:00.000Z,18.773
2021-07-25T04:15:00.000Z,18.9375
2021-07-25T08:15:00.000Z,19.286
2021-07-25T12:15:00.000Z,20.403
2021-07-25T16:15:00.000Z,20.6855
2021-07-25T20:15:00.000Z,21.758
2021-07-26T00:15:00.000Z,19.5465
2021-07-26T04:15:01.000Z,18.9045
2021-07-26T08:15:00.000Z,19.7235
2021-07-26T12:15:00.000Z,21.115
2021-07-26T16:15:01.000Z,22.2115
2021-07-26T20:15:00.000Z,21.43
2021-07-27T00:15:00.000Z,20.0185
2021-07-27T04:15:00.000Z,19.7565
2021-07-27T08:15:00.000Z,19.806
2021-07-27T12:15:01.000Z,20.9585
2021-07-27T16:15:00.000Z,20.7685
2021-07-27T20:15:00.000Z,20.9315
2021-07-28T00:15:00.000Z,19.84
2021-07-28T04:15:00.000Z,19.83
2021-07-28T08:15:00.000Z,19.1335
2021-07-28T12:15:00.000Z,19.477
2021-07-28T16:15:00.000Z,19.741
2021-07-28T20:15:00.000Z,19.739
2021-07-29T00:15:00.000Z,18.599
2021-07-29T04:15:00.000Z,18.9095
2021-07-29T08:15:00.000Z,18.875
2021-07-29T12:15:00.000Z,19.568
2021-07-29T16:15:00.000Z,19.4245
2021-07-29T20:15:00.000Z,19.2555
2021-07-30T00:15:00.000Z,18.0445
2021-07-30T04:15:00.000Z,18.07
2021-07-30T08:15:00.000Z,17.86
2021-07-30T12:15:00.000Z,19.051
2021-07-30T16:15:00.000Z,19.5435
2021-07-30T20:15:00.000Z,19.179
2021-07-31T00:15:00.000Z,18.3245
2021-07-31T04:15:00.000Z,18.7675
2021-07-31T08:15:00.000Z,18.9275
2021-07-31T12:15:00.000Z,19.7755
2021-07-31T16:15:00.000Z,19.844
2021-07-31T20:15:00.000Z,19.6925
2021-08-01T00:15:00.000Z,18.263
2021-08-01T04:15:00.000Z,18.3645
2021-08-01T08:15:02.000Z,18.6195
2021-08-01T12:15:00.000Z,19.3865
2021-08-01T16:15:00.000Z,19.175
2021-08-01T20:15:00.000Z,18.8825
2021-08-02T00:15:00.000Z,18.1745
2021-08-02T04:15:00.000Z,18.7755
2021-08-02T08:15:00.000Z,19.0275
2021-08-02T12:15:00.000Z,19.859
2021-08-02T16:15:00.000Z,20.6015
2021-08-02T20:15:00.000Z,20.3735
2021-08-03T00:15:00.000Z,18.83
2021-08-03T04:15:00.000Z,18.4945
2021-08-03T08:15:00.000Z,18.91
2021-08-03T12:15:00.000Z,19.816
2021-08-03T16:15:01.000Z,20.2855
2021-08-03T20:15:00.000Z,19.6265
2021-08-04T00:15:00.000Z,18.487
2021-08-04T04:16:10.000Z,18.2985
2021-08-04T08:15:00.000Z,18.7505
2021-08-04T12:15:00.000Z,20.3615
2021-08-04T16:15:00.000Z,20.199
2021-08-04T20:15:00.000Z,19.6275
2021-08-05T00:15:00.000Z,18.696
2021-08-05T04:15:00.000Z,18.7235
2021-08-05T08:15:00.000Z,19.1845
2021-08-05T12:15:00.000Z,20.684
2021-08-05T16:15:00.000Z,20.474
2021-08-05T20:15:00.000Z,20.194
2021-08-06T00:15:00.000Z,18.5265
2021-08-06T04:15:00.000Z,19.046
2021-08-06T08:15:00.000Z,19.5785
2021-08-06T12:15:00.000Z,20.5645
2021-08-06T16:15:00.000Z,20.883
2021-08-06T20:15:00.000Z,19.2805
2021-08-07T00:15:00.000Z,18.373
2021-08-07T04:15:00.000Z,18.724
2021-08-07T08:15:00.000Z,18.576
2021-08-07T12:15:00.000Z,19.537
2021-08-07T16:15:00.000Z,20.181
2021-08-07T20:15:00.000Z,18.5415
2021-08-08T00:15:00.000Z,17.6225
2021-08-08T04:15:00.000Z,17.5965
2021-08-08T08:15:00.000Z,17.9555
2021-08-08T12:15:00.000Z,18.9645
2021-08-08T16:15:00.000Z,19.3315
2021-08-08T20:15:00.000Z,19.232
2021-08-09T00:15:00.000Z,17.5695
2021-08-09T04:15:01.000Z,17.3655
2021-08-09T08:15:00.000Z,18.222
2021-08-09T12:15:01.000Z,19.6665
2021-08-09T16:15:01.000Z,19.697
2021-08-09T20:15:00.000Z,19.0755
2021-08-10T00:15:10.000Z,17.678
2021-08-10T04:15:00.000Z,18.6835
2021-08-10T08:15:22.000Z,18.9145
2021-08-10T12:15:03.000Z,20.363
2021-08-10T16:15:01.000Z,20.011
2021-08-10T20:15:00.000Z,19.697
2021-08-11T00:15:00.000Z,18.561
2021-08-11T04:15:00.000Z,18.404
2021-08-11T08:15:00.000Z,18.4555
2021-08-11T12:15:00.000Z,19.761
2021-08-11T16:15:00.000Z,20.777
2021-08-11T20:15:00.000Z,20.9045
2021-08-12T00:15:00.000Z,19.208
2021-08-12T04:15:00.000Z,18.8565
2021-08-12T08:15:00.000Z,18.9025
2021-08-12T12:15:02.000Z,20.1015
2021-08-12T16:15:00.000Z,20.9325
2021-08-12T20:15:00.000Z,20.877
2021-08-13T00:15:00.000Z,19.555
2021-08-13T04:15:00.000Z,19.3075
2021-08-13T08:15:00.000Z,19.18
2021-08-13T12:15:00.000Z,20.3515
2021-08-13T16:15:00.000Z,20.546
2021-08-13T20:15:00.000Z,20.7615
2021-08-14T00:15:00.000Z,19.2
2021-08-14T04:15:00.000Z,18.7435
2021-08-14T08:15:00.000Z,18.3475
2021-08-14T12:15:00.000Z,20.0935
2021-08-14T16:15:00.000Z,20.267
2021-08-14T20:15:00.000Z,19.837
2021-08-15T00:15:00.000Z,18.1885
2021-08-15T04:15:00.000Z,17.854
2021-08-15T08:15:00.000Z,18.004
2021-08-15T12:15:00.000Z,19.6645
2021-08-15T16:15:00.000Z,20.236
2021-08-15T20:15:00.000Z,20.2185
2021-08-16T00:15:00.000Z,18.6385
2021-08-16T04:15:00.000Z,17.859
2021-08-16T08:15:00.000Z,18.3325
2021-08-16T12:15:00.000Z,19.191
2021-08-16T16:15:00.000Z,19.3565
2021-08-16T20:15:01.000Z,19.383
2021-08-17T00:15:00.000Z,17.473
2021-08-17T04:15:00.000Z,17.3395
2021-08-17T08:15:00.000Z,17.507
2021-08-17T12:15:00.000Z,19.0425
2021-08-17T16:15:01.000Z,19.1995
2021-08-17T20:15:00.000Z,18.8235
2021-08-18T00:15:00.000Z,17.809
2021-08-18T04:15:00.000Z,17.7175
2021-08-18T08:15:00.000Z,17.62
2021-08-18T12:15:18.000Z,18.813
2021-08-18T16:15:00.000Z,18.743
2021-08-18T20:15:00.000Z,18.334
2021-08-19T00:15:00.000Z,17.436
2021-08-19T04:15:00.000Z,17.7095
2021-08-19T08:15:00.000Z,17.9415
2021-08-19T12:15:00.000Z,18.606
2021-08-19T16:15:00.000Z,18.9845
2021-08-19T20:15:00.000Z,18.398
2021-08-20T00:15:00.000Z,17.4525
2021-08-20T04:15:00.000Z,17.028
2021-08-20T08:15:00.000Z,17.4685
2021-08-20T12:15:00.000Z,18.724
2021-08-20T16:15:01.000Z,19.276
2021-08-20T20:15:00.000Z,18.7415
2021-08-21T00:15:00.000Z,17.171
2021-08-21T04:15:01.000Z,17.183
2021-08-21T08:15:00.000Z,17.883
2021-08-21T12:15:00.000Z,19.1685
2021-08-21T16:15:00.000Z,19.2535
2021-08-21T20:15:00.000Z,18.9575
2021-08-22T00:15:00.000Z,17.3595
2021-08-22T04:15:00.000Z,17.7675
2021-08-22T08:15:00.000Z,18.1575
2021-08-22T12:15:00.000Z,19.061
2021-08-22T16:15:00.000Z,19.957
2021-08-22T20:15:00.000Z,19.1885
2021-08-23T00:15:00.000Z,17.715
2021-08-23T04:15:00.000Z,17.2155
2021-08-23T08:15:00.000Z,17.283
2021-08-23T12:15:00.000Z,19.0965
2021-08-23T16:15:00.000Z,19.766
2021-08-23T20:15:00.000Z,18.956
2021-08-24T00:15:00.000Z,17.593
2021-08-24T04:15:00.000Z,16.7665
2021-08-24T08:15:00.000Z,16.766
2021-08-24T12:15:00.000Z,18.7235
2021-08-24T16:15:00.000Z,19.679
2021-08-24T20:15:00.000Z,19.3325
2021-08-25T00:15:00.000Z,17.767
2021-08-25T04:15:00.000Z,17.4255
2021-08-25T08:15:00.000Z,16.9945
2021-08-25T12:15:00.000Z,18.7965
2021-08-25T16:15:00.000Z,19.4445
2021-08-25T20:15:00.000Z,19.2495
2021-08-26T00:15:00.000Z,18.2075
2021-08-26T04:15:00.000Z,18.28
2021-08-26T08:15:00.000Z,17.9855
2021-08-26T12:15:00.000Z,18.791
2021-08-26T16:15:00.000Z,18.645
2021-08-26T20:15:00.000Z,18.976
2021-08-27T00:15:00.000Z,17.6155
2021-08-27T04:15:00.000Z,17.492
2021-08-27T08:15:00.000Z,17.485
2021-08-27T12:15:00.000Z,18.529
2021-08-27T16:15:00.000Z,19.22
2021-08-27T20:15:00.000Z,18.146
2021-08-28T00:15:00.000Z,17.449
2021-08-28T04:15:00.000Z,16.8815
2021-08-28T12:15:00.000Z,17.8325
2021-08-28T16:15:00.000Z,18.1585
2021-08-28T20:15:00.000Z,17.5795
2021-08-29T00:15:00.000Z,16.091
2021-08-29T04:15:00.000Z,16.0415
2021-08-29T08:15:00.000Z,16.0615
2021-08-29T12:15:01.000Z,17.8125
2021-08-29T16:15:00.000Z,18.0775
2021-08-29T20:15:00.000Z,17.9695
2021-08-30T00:15:00.000Z,16.3785
2021-08-30T04:15:00.000Z,17.035
2021-08-30T08:15:00.000Z,17.4215
2021-08-30T12:15:00.000Z,17.843
2021-08-30T16:15:00.000Z,18.373
2021-08-30T20:15:00.000Z,17.867
2021-08-31T00:15:00.000Z,16.8435
2021-08-31T04:15:00.000Z,17.197
2021-08-31T08:15:00.000Z,16.939
2021-08-31T12:15:00.000Z,18.075
2021-08-31T16:15:00.000Z,18.0585
2021-08-31T20:15:01.000Z,17.413
2021-09-01T00:15:00.000Z,15.6215
2021-09-01T04:15:00.000Z,16.2785
2021-09-01T08:15:00.000Z,15.8225
2021-09-01T12:15:00.000Z,16.836
2021-09-01T16:15:00.000Z,17.0335
2021-09-01T20:15:00.000Z,16.5545
2021-09-02T00:15:00.000Z,15.3695
2021-09-02T04:15:00.000Z,15.8885
2021-09-02T08:15:00.000Z,15.889
2021-09-02T12:15:00.000Z,17.3975
2021-09-02T16:15:00.000Z,17.7455
2021-09-02T20:15:00.000Z,17.3785
2021-09-03T00:15:00.000Z,16.1255
2021-09-03T04:15:00.000Z,15.8295
2021-09-03T08:15:01.000Z,16.307
2021-09-03T12:15:00.000Z,17.1745
2021-09-03T16:15:00.000Z,18.042
2021-09-03T20:15:00.000Z,18.055
2021-09-04T00:15:00.000Z,17.0675
2021-09-04T04:15:00.000Z,16.5125
2021-09-04T08:15:00.000Z,15.818
2021-09-04T12:15:00.000Z,16.6715
2021-09-04T16:15:00.000Z,17.9175
2021-09-04T20:15:00.000Z,18.3055
2021-09-05T00:15:00.000Z,16.499
2021-09-05T04:15:00.000Z,16.1775
2021-09-05T04:15:30.000Z,16.1775
2021-09-05T04:16:09.000Z,16.1775
2021-09-05T08:15:00.000Z,16.4595
2021-09-05T12:15:00.000Z,17.675
2021-09-05T16:15:00.000Z,18.643
2021-09-05T20:15:00.000Z,18.429
2021-09-06T00:15:00.000Z,16.727
2021-09-06T04:15:00.000Z,16.3945
2021-09-06T08:15:00.000Z,16.2065
2021-09-06T12:15:00.000Z,18.3425
2021-09-06T16:15:00.000Z,18.9575
2021-09-06T20:15:00.000Z,18.2565
2021-09-07T00:15:00.000Z,16.6445
2021-09-07T04:15:00.000Z,16.916
2021-09-07T08:15:00.000Z,16.734
2021-09-07T12:15:00.000Z,18.7005
2021-09-07T16:15:00.000Z,19.337
2021-09-07T20:15:00.000Z,18.828
2021-09-08T00:15:00.000Z,17.419
2021-09-08T04:15:00.000Z,17.513
2021-09-08T08:15:00.000Z,17.0035
2021-09-08T12:15:00.000Z,19.0835
2021-09-08T16:15:00.000Z,19.599
2021-09-08T20:15:00.000Z,19.443
2021-09-09T00:15:00.000Z,17.7865
2021-09-09T04:15:00.000Z,17.584
2021-09-09T08:15:00.000Z,17.734
2021-09-09T12:15:00.000Z,19.1855
2021-09-09T16:15:00.000Z,19.874
2021-09-09T20:15:00.000Z,19.6305
2021-09-10T00:15:00.000Z,18.2155
2021-09-10T04:15:01.000Z,18.2735
2021-09-10T08:15:00.000Z,18.3785
2021-09-10T12:15:00.000Z,19.1705
2021-09-10T16:15:00.000Z,18.962
2021-09-10T20:15:00.000Z,18.056
2021-09-11T00:15:00.000Z,16.4445
2021-09-11T04:15:00.000Z,17.1025
2021-09-11T08:15:00.000Z,17.181
2021-09-11T12:15:00.000Z,17.9555
2021-09-11T16:15:00.000Z,18.0825
2021-09-11T20:15:00.000Z,18.189
2021-09-12T00:15:00.000Z,17.1555
2021-09-12T04:15:00.000Z,17.4425
2021-09-12T08:15:00.000Z,17.537
2021-09-12T12:15:00.000Z,18.7085
2021-09-12T16:15:00.000Z,18.6215
2021-09-12T20:15:00.000Z,18.174
2021-09-13T00:15:00.000Z,16.893
2021-09-13T04:15:00.000Z,16.7105
2021-09-13T08:15:00.000Z,17.089
2021-09-13T12:15:00.000Z,18.071
2021-09-13T16:15:00.000Z,18.1235
2021-09-13T20:15:00.000Z,18.181
2021-09-14T00:15:01.000Z,17.068
2021-09-14T04:15:00.000Z,16.5245
2021-09-14T08:15:03.000Z,15.607
2021-09-14T12:15:22.000Z,17.0055
2021-09-14T16:15:01.000Z,17.7415
2021-09-14T20:15:00.000Z,17.138
2021-09-15T00:15:00.000Z,15.8065
2021-09-15T04:15:00.000Z,15.8265
2021-09-15T08:15:00.000Z,16.085
2021-09-15T12:15:00.000Z,16.7845
2021-09-15T16:15:00.000Z,17.385
2021-09-15T20:15:00.000Z,17.2565
2021-09-16T00:15:00.000Z,16.0395
2021-09-16T04:15:00.000Z,15.153
2021-09-16T08:15:00.000Z,14.7575
2021-09-16T12:15:00.000Z,15.485
2021-09-16T16:15:00.000Z,16.0785
2021-09-16T20:15:00.000Z,15.4455
2021-09-17T00:15:00.000Z,14.7045
2021-09-17T04:15:00.000Z,14.9905
2021-09-17T08:15:00.000Z,14.9545
2021-09-17T12:15:00.000Z,16.3415
2021-09-17T16:15:00.000Z,16.3875
2021-09-17T20:15:00.000Z,15.453
2021-09-18T00:15:00.000Z,15.0775
2021-09-18T04:15:00.000Z,14.8295
2021-09-18T08:15:00.000Z,14.809
2021-09-18T12:15:00.000Z,16.224
2021-09-18T16:15:00.000Z,17.1325
2021-09-18T20:15:00.000Z,17
2021-09-19T00:15:00.000Z,15.81
2021-09-19T04:15:00.000Z,15.7025
2021-09-19T08:15:00.000Z,15.483
2021-09-19T12:15:00.000Z,16.0135
2021-09-19T16:15:00.000Z,16.1975
2021-09-19T20:15:00.000Z,16.071
2021-09-20T00:15:00.000Z,15.0495
2021-09-20T04:15:00.000Z,14.6945
2021-09-20T08:15:00.000Z,14.782
2021-09-20T12:15:00.000Z,14.8875
2021-09-20T16:15:01.000Z,15.1805
2021-09-20T20:15:00.000Z,14.965
2021-09-21T00:15:00.000Z,14.5385
2021-09-21T04:15:00.000Z,14.252
2021-09-21T08:15:00.000Z,14.8775
2021-09-21T12:15:00.000Z,16.405
2021-09-21T16:15:00.000Z,16.61
2021-09-21T20:15:00.000Z,16.718
2021-09-22T00:15:00.000Z,14.8375
2021-09-22T04:15:00.000Z,15.1915
2021-09-22T08:15:00.000Z,15.4485
2021-09-22T12:15:00.000Z,17.3345
2021-09-22T16:15:00.000Z,17.7495
2021-09-22T20:15:00.000Z,17.2215
2021-09-23T00:15:00.000Z,15.5395
2021-09-23T04:15:00.000Z,15.7215
2021-09-23T08:15:00.000Z,15.857
2021-09-23T12:15:00.000Z,16.5145
2021-09-23T16:15:00.000Z,17.1475
2021-09-23T20:15:00.000Z,16.548
2021-09-24T00:15:00.000Z,15.7695
2021-09-24T04:15:00.000Z,15.0765
2021-09-24T08:15:00.000Z,14.9815
2021-09-24T12:15:00.000Z,15.724
2021-09-24T16:15:00.000Z,16.77
2021-09-24T20:15:00.000Z,17.0355
2021-09-25T00:15:00.000Z,15.9885
2021-09-25T04:15:00.000Z,15.025
2021-09-25T08:15:00.000Z,14.682
2021-09-25T12:15:00.000Z,15.798
2021-09-25T16:15:03.000Z,16.7525
2021-09-25T20:15:00.000Z,16.6055
2021-09-26T00:15:00.000Z,15.5815
2021-09-26T04:15:00.000Z,14.2525
2021-09-26T08:15:00.000Z,13.9065
2021-09-26T12:15:00.000Z,14.895
2021-09-26T16:15:05.000Z,16.219
2021-09-26T20:15:00.000Z,16.049
2021-09-27T00:15:03.000Z,14.421
2021-09-27T04:15:00.000Z,14.3505
2021-09-27T08:15:00.000Z,15.1345
2021-09-27T12:15:00.000Z,15.613
2021-09-27T16:15:00.000Z,15.692
2021-09-27T20:15:00.000Z,15.9685
2021-09-28T00:15:00.000Z,14.8025
2021-09-28T04:15:00.000Z,14.1735
2021-09-28T08:15:00.000Z,14.273
2021-09-28T12:15:00.000Z,15.619
2021-09-28T16:15:00.000Z,15.856
2021-09-28T20:15:00.000Z,14.7295
2021-09-29T00:15:00.000Z,13.948
2021-09-29T04:15:00.000Z,14.3375
2021-09-29T08:15:00.000Z,14.5085
2021-09-29T12:15:00.000Z,15.847
2021-09-29T16:15:00.000Z,16.1875
2021-09-29T20:15:00.000Z,15.319
2021-09-30T00:15:00.000Z,13.7745
2021-09-30T04:15:00.000Z,13.6025
2021-09-30T08:15:00.000Z,13.735
2021-09-30T12:15:00.000Z,14.8715
2021-09-30T16:15:00.000Z,15.54
2021-09-30T20:15:00.000Z,15.3925
2021-10-01T00:15:00.000Z,14.9435
2021-10-01T04:15:00.000Z,14.753
2021-10-01T08:15:00.000Z,13.96
2021-10-01T12:15:00.000Z,14.292
2021-10-01T16:15:00.000Z,14.9245
2021-10-01T20:15:00.000Z,14.459
2021-10-02T00:15:00.000Z,14.1445
2021-10-02T04:15:00.000Z,13.8465
2021-10-02T08:15:00.000Z,13.567
2021-10-02T12:15:00.000Z,14.547
2021-10-02T16:15:00.000Z,15.118
2021-10-02T20:15:00.000Z,15.545
2021-10-03T00:15:00.000Z,15.022
2021-10-03T04:15:00.000Z,14.5945
2021-10-03T08:15:00.000Z,14.4255
2021-10-03T12:15:00.000Z,15.267
2021-10-03T16:15:00.000Z,15.765
2021-10-03T20:15:00.000Z,15.6915
2021-10-04T00:15:00.000Z,14.508
2021-10-04T04:15:00.000Z,14.4305
2021-10-04T08:15:00.000Z,14.3805
2021-10-04T12:15:00.000Z,15.229
2021-10-04T16:15:00.000Z,15.935
2021-10-04T20:15:00.000Z,15.0165
2021-10-05T00:15:00.000Z,14.205
2021-10-05T04:15:00.000Z,13.8485
2021-10-05T08:15:00.000Z,14.303
2021-10-05T12:15:00.000Z,14.8215
2021-10-05T16:15:00.000Z,15.3475
2021-10-05T20:15:00.000Z,14.641
2021-10-06T00:15:00.000Z,14.1205
2021-10-06T04:15:00.000Z,14.2065
2021-10-06T08:15:00.000Z,13.6725
2021-10-06T12:15:00.000Z,14.859
2021-10-06T16:15:00.000Z,15.5895
2021-10-06T20:15:00.000Z,14.551
2021-10-07T00:15:00.000Z,13.3745
2021-10-07T04:15:00.000Z,13.354
2021-10-07T08:15:00.000Z,13.529
2021-10-07T12:15:00.000Z,15.101
2021-10-07T16:15:00.000Z,15.9305
2021-10-07T20:15:00.000Z,15.24
2021-10-08T00:15:00.000Z,13.7405
2021-10-08T04:15:03.000Z,13.6355
2021-10-08T08:15:00.000Z,13.8055
2021-10-08T12:15:00.000Z,15.0555
2021-10-08T16:15:00.000Z,15.4135
2021-10-08T20:15:00.000Z,14.247
2021-10-09T00:15:00.000Z,13.48
2021-10-09T04:15:00.000Z,13.111
2021-10-09T08:15:00.000Z,12.877
2021-10-09T12:15:00.000Z,14.0735
2021-10-09T16:15:00.000Z,14.8995
2021-10-09T20:15:00.000Z,13.9065
2021-10-10T00:15:00.000Z,13.0785
2021-10-10T04:15:00.000Z,12.2175
2021-10-10T08:15:00.000Z,12.493
2021-10-10T12:15:00.000Z,14.3075
2021-10-10T16:15:00.000Z,14.9815
2021-10-10T20:15:00.000Z,13.788
2021-10-11T00:15:00.000Z,12.759
2021-10-11T04:15:00.000Z,12.4295
2021-10-11T08:15:00.000Z,12.2525
2021-10-11T12:15:00.000Z,14.3295
2021-10-11T16:15:00.000Z,14.715
2021-10-11T20:15:00.000Z,13.391
2021-10-12T00:15:00.000Z,12.46
2021-10-12T04:15:00.000Z,11.4575
2021-10-12T08:15:00.000Z,11.357
2021-10-12T12:15:00.000Z,13.0525
2021-10-12T16:15:00.000Z,13.2875
2021-10-12T20:15:00.000Z,12.49
2021-10-13T00:15:00.000Z,11.85
2021-10-13T04:15:00.000Z,11.057
2021-10-13T08:15:00.000Z,10.9755
2021-10-13T12:15:00.000Z,12.8955
2021-10-13T16:15:00.000Z,13.4355
2021-10-13T20:15:00.000Z,12.97
2021-10-14T00:15:00.000Z,11.9665
2021-10-14T04:15:00.000Z,12.4835
2021-10-14T08:15:00.000Z,12.724
2021-10-14T12:15:00.000Z,13.1905
2021-10-14T16:15:00.000Z,14.065
2021-10-14T20:15:00.000Z,13.6845
2021-10-15T00:15:00.000Z,13.1185
2021-10-15T04:15:00.000Z,13.117
2021-10-15T08:15:00.000Z,13.2285
2021-10-15T12:15:00.000Z,13.8705
2021-10-15T16:15:00.000Z,14.582
2021-10-15T20:15:00.000Z,14.1605
2021-10-16T00:15:00.000Z,13.304
2021-10-16T04:15:00.000Z,12.536
2021-10-16T08:15:00.000Z,12.4875
2021-10-16T12:15:00.000Z,13.7115
2021-10-16T16:15:00.000Z,13.4335
2021-10-16T20:15:00.000Z,13.0945
2021-10-17T00:15:00.000Z,12.3785
2021-10-17T04:15:00.000Z,11.744
2021-10-17T08:15:00.000Z,11.521
2021-10-17T12:15:00.000Z,12.123
2021-10-17T16:15:00.000Z,12.7535
2021-10-17T20:15:00.000Z,12.3085
2021-10-18T00:15:00.000Z,11.376
2021-10-18T04:15:00.000Z,11.1135
2021-10-18T08:15:00.000Z,11.3015
2021-10-18T12:15:00.000Z,12.2155
2021-10-18T16:15:00.000Z,12.667
2021-10-18T20:15:00.000Z,12.28
2021-10-19T00:15:00.000Z,11.322
2021-10-19T04:15:00.000Z,11.318
2021-10-19T08:15:00.000Z,11.1955
2021-10-19T12:15:00.000Z,12.0755
2021-10-19T16:15:00.000Z,12.4725
2021-10-19T20:15:00.000Z,11.9555
2021-10-20T00:15:00.000Z,12.342
2021-10-20T04:15:00.000Z,12.4785
2021-10-20T08:15:00.000Z,12.7195
2021-10-20T12:15:00.000Z,13.8265
2021-10-20T16:15:00.000Z,13.325
2021-10-20T20:15:00.000Z,12.676
2021-10-21T00:15:00.000Z,12.607
2021-10-21T04:15:00.000Z,12.3315
2021-10-21T08:15:00.000Z,12.624
2021-10-21T12:15:00.000Z,12.9445
2021-10-21T16:15:00.000Z,12.725
2021-10-21T20:15:00.000Z,12.361
2021-10-22T00:15:00.000Z,11.6335
2021-10-22T04:15:02.000Z,11.6185
2021-10-22T08:15:00.000Z,11.4265
2021-10-22T12:15:00.000Z,12.1605
2021-10-22T16:15:00.000Z,12.314
2021-10-22T20:15:00.000Z,11.4565
2021-10-23T00:15:00.000Z,11.202
2021-10-23T04:15:00.000Z,11.4065
2021-10-23T08:15:00.000Z,11.521
2021-10-23T12:15:00.000Z,12.4925
2021-10-23T16:15:00.000Z,12.21
2021-10-23T20:15:00.000Z,10.812
2021-10-24T00:15:00.000Z,9.782
2021-10-24T04:15:00.000Z,10.731
2021-10-24T08:15:00.000Z,11.139
2021-10-24T12:15:00.000Z,12.037
2021-10-24T16:15:00.000Z,12.5045
2021-10-24T20:15:00.000Z,11.819
2021-10-25T00:15:00.000Z,11.376
2021-10-25T04:15:00.000Z,11.155
2021-10-25T08:15:00.000Z,11.492
2021-10-25T12:15:00.000Z,12.191
2021-10-25T16:15:00.000Z,12.382
2021-10-25T20:15:00.000Z,12.148
2021-10-26T00:15:00.000Z,11.1975
2021-10-26T04:15:00.000Z,11.4435
2021-10-26T08:15:00.000Z,11.616
2021-10-26T12:15:00.000Z,12.671
2021-10-26T16:15:00.000Z,13.3595
2021-10-26T20:15:00.000Z,11.805
2021-10-27T00:15:00.000Z,11.1055
2021-10-27T04:15:00.000Z,11.736
2021-10-27T08:15:00.000Z,12.4655
2021-10-27T12:15:00.000Z,12.829
2021-10-27T16:15:00.000Z,13.33
2021-10-27T20:15:00.000Z,12.696
2021-10-28T00:15:00.000Z,12.0045
2021-10-28T04:15:00.000Z,12.2735
2021-10-28T08:15:00.000Z,12.362
2021-10-28T12:15:00.000Z,13.1085
2021-10-28T16:15:00.000Z,13.6825
2021-10-28T20:15:00.000Z,13.041
2021-10-29T00:15:00.000Z,12.062
2021-10-29T04:15:00.000Z,12.198
2021-10-29T08:15:00.000Z,12.633
2021-10-29T12:15:00.000Z,13.22
2021-10-29T16:15:03.000Z,12.7945
2021-10-29T20:15:00.000Z,12.071
2021-10-30T00:15:01.000Z,11.623
2021-10-30T04:15:00.000Z,11.6175
2021-10-30T08:15:00.000Z,11.99
2021-10-30T12:15:00.000Z,12.3165
2021-10-30T16:15:00.000Z,12.772
2021-10-30T20:15:00.000Z,11.6465
2021-10-31T00:15:00.000Z,11.1615
2021-10-31T04:15:00.000Z,10.5245
2021-10-31T08:15:00.000Z,10.7055
2021-10-31T12:15:00.000Z,11.8285
2021-10-31T16:15:00.000Z,12.2755
2021-10-31T20:15:00.000Z,11.1485
2021-11-01T00:15:00.000Z,10.8085
2021-11-01T04:15:00.000Z,10.476
2021-11-01T08:15:00.000Z,10.6135
2021-11-01T12:15:00.000Z,10.6945
2021-11-01T16:15:00.000Z,11.356
2021-11-01T20:15:00.000Z,10.694
2021-11-02T00:15:00.000Z,10.305
2021-11-02T04:15:00.000Z,10.026
2021-11-02T08:15:00.000Z,9.944
2021-11-02T12:15:00.000Z,10.565
2021-11-02T16:15:00.000Z,11.6695
2021-11-02T20:15:00.000Z,10.727
2021-11-03T00:15:00.000Z,10.037
2021-11-03T04:15:00.000Z,9.4275
2021-11-03T08:16:55.000Z,9.3865
2021-11-03T08:17:24.000Z,9.3865
2021-11-03T08:18:05.000Z,9.3865
2021-11-03T08:18:25.000Z,9.3865
2021-11-03T12:15:00.000Z,10.449
2021-11-03T16:15:00.000Z,11.443
2021-11-03T20:15:00.000Z,10.834
2021-11-04T00:15:00.000Z,10.28
2021-11-04T04:15:01.000Z,9.7475
2021-11-04T08:15:00.000Z,9.8305
2021-11-04T12:15:00.000Z,10.3305
2021-11-04T16:15:00.000Z,11.439
2021-11-04T20:15:01.000Z,11.1945
2021-11-05T00:15:00.000Z,10.541
2021-11-05T04:15:01.000Z,10.0735
2021-11-05T08:15:00.000Z,9.195
2021-11-05T12:15:00.000Z,10.015
2021-11-05T16:15:19.000Z,10.9775
2021-11-05T20:15:00.000Z,10.8335
2021-11-06T00:15:00.000Z,9.941
2021-11-06T04:15:00.000Z,9.208
2021-11-06T08:15:00.000Z,9.0575
2021-11-06T12:15:00.000Z,9.7885
2021-11-06T16:15:00.000Z,10.3585
2021-11-06T20:15:00.000Z,9.4555
2021-11-07T00:15:00.000Z,9.1995
2021-11-07T04:15:00.000Z,8.928
2021-11-07T08:15:00.000Z,9.2375
2021-11-07T12:15:00.000Z,9.9915
2021-11-07T16:15:00.000Z,9.857
2021-11-07T20:15:00.000Z,9.7235
2021-11-08T00:15:01.000Z,9.636
2021-11-08T04:15:00.000Z,9.372
2021-11-08T08:15:00.000Z,9.274
2021-11-08T12:15:00.000Z,9.636
2021-11-08T16:15:00.000Z,10.558
2021-11-08T20:15:00.000Z,10.1815
2021-11-09T00:15:00.000Z,10.014
2021-11-09T04:15:00.000Z,9.3685
2021-11-09T08:15:00.000Z,9.587
2021-11-09T12:15:00.000Z,11.041
2021-11-09T16:15:00.000Z,11.875
2021-11-09T20:15:00.000Z,11.5095
2021-11-10T00:15:00.000Z,10.945
2021-11-10T04:15:00.000Z,10.2265
2021-11-10T08:15:00.000Z,10.039
2021-11-10T12:15:00.000Z,10.809
2021-11-10T16:15:00.000Z,11.209
2021-11-10T20:15:00.000Z,10.264
2021-11-11T00:15:00.000Z,9.4705
2021-11-11T04:15:00.000Z,8.583
2021-11-11T08:15:00.000Z,8.731
2021-11-11T12:15:00.000Z,9.401
2021-11-11T16:15:00.000Z,9.736
2021-11-11T20:15:00.000Z,9.4485
2021-11-12T00:15:00.000Z,9.039
2021-11-12T04:15:00.000Z,8.546
2021-11-12T08:15:00.000Z,9.4675
2021-11-12T12:15:04.000Z,10.082
2021-11-12T16:15:00.000Z,10.943
2021-11-12T20:15:00.000Z,10.2175
2021-11-13T00:15:00.000Z,9.9555
2021-11-13T04:15:01.000Z,9.2195
2021-11-13T08:15:00.000Z,9.816
2021-11-13T12:15:00.000Z,10.004
2021-11-13T16:15:00.000Z,10.261
2021-11-13T20:15:00.000Z,9.811
2021-11-14T00:15:00.000Z,9.005
2021-11-14T04:15:00.000Z,8.548
2021-11-14T08:15:00.000Z,8.945
2021-11-14T12:15:00.000Z,9.575
2021-11-14T16:15:01.000Z,9.2255
2021-11-14T20:15:00.000Z,8.907
2021-11-15T00:15:00.000Z,8.2525
2021-11-15T04:15:00.000Z,7.807
2021-11-15T08:15:00.000Z,7.7665
2021-11-15T12:15:00.000Z,8.3405
2021-11-15T16:15:00.000Z,8.6435
2021-11-15T20:15:00.000Z,7.95
2021-11-16T00:15:00.000Z,7.788
2021-11-16T04:15:00.000Z,7.217
2021-11-16T08:15:00.000Z,7.605
2021-11-16T12:15:00.000Z,8.003
2021-11-16T16:15:00.000Z,8.0805
2021-11-16T20:15:00.000Z,7.6055
2021-11-17T00:15:00.000Z,7.1605
2021-11-17T04:15:00.000Z,6.6005
2021-11-17T08:15:00.000Z,6.862
2021-11-17T12:15:00.000Z,7.348
2021-11-17T16:15:00.000Z,7.5355
2021-11-17T20:15:01.000Z,6.798
2021-11-18T00:15:00.000Z,6.915
2021-11-18T04:15:00.000Z,6.9
2021-11-18T08:15:00.000Z,7.2005
2021-11-18T12:15:00.000Z,8.0175
2021-11-18T16:15:00.000Z,8.947
2021-11-18T20:15:00.000Z,9.3115
2021-11-19T00:15:00.000Z,8.763
2021-11-19T04:15:00.000Z,8.6095
2021-11-19T08:15:00.000Z,8.401
2021-11-19T12:15:00.000Z,8.975
2021-11-19T16:15:00.000Z,8.9855
2021-11-19T20:15:00.000Z,8.6335
2021-11-20T00:15:00.000Z,8.007
2021-11-20T04:15:00.000Z,7.6
2021-11-20T08:15:00.000Z,7.24
2021-11-20T12:15:00.000Z,7.6235
2021-11-20T16:15:00.000Z,7.5745
2021-11-20T20:15:00.000Z,7.213
2021-11-21T00:15:00.000Z,6.789
2021-11-21T04:15:00.000Z,6.1875
2021-11-21T08:15:00.000Z,6.6195
2021-11-21T12:15:00.000Z,7.2475
2021-11-21T16:15:00.000Z,7.388
2021-11-21T20:15:00.000Z,6.7785
2021-11-22T00:15:00.000Z,6.5485
2021-11-22T04:15:00.000Z,5.746
2021-11-22T08:15:01.000Z,5.915
2021-11-22T12:15:00.000Z,6.465
2021-11-22T16:15:00.000Z,6.8615
2021-11-22T20:15:00.000Z,6.4115
2021-11-23T00:15:00.000Z,5.945
2021-11-23T04:15:00.000Z,5.8135
2021-11-23T08:15:00.000Z,6.0655
2021-11-23T12:15:00.000Z,7.191
2021-11-23T16:15:02.000Z,7.8465
2021-11-23T20:15:00.000Z,7.514
2021-11-24T00:15:00.000Z,7.1615
2021-11-24T04:15:00.000Z,6.5815
2021-11-24T08:15:00.000Z,6.779
2021-11-24T12:15:00.000Z,7.5345
2021-11-24T16:15:00.000Z,7.6865
2021-11-24T20:15:00.000Z,7.651
2021-11-25T00:15:00.000Z,7.92
2021-11-25T04:15:01.000Z,6.8715
2021-11-25T08:15:00.000Z,8.0045
2021-11-25T12:15:00.000Z,8.129
2021-11-25T16:15:00.000Z,8.51
2021-11-25T20:15:00.000Z,7.906
2021-11-26T00:15:00.000Z,7.53
2021-11-26T04:15:00.000Z,7.016
2021-11-26T08:15:00.000Z,7.157
2021-11-26T12:15:00.000Z,7.681
2021-11-26T16:15:00.000Z,7.533
2021-11-26T20:15:00.000Z,7.964
2021-11-27T00:15:00.000Z,6.725
2021-11-27T04:15:00.000Z,6.6385
2021-11-27T08:15:00.000Z,6.961
2021-11-27T12:15:00.000Z,6.6135
2021-11-27T16:15:00.000Z,7.1845
2021-11-27T20:15:01.000Z,6.991
2021-11-28T00:15:00.000Z,7.2085
2021-11-28T04:15:00.000Z,6.8475
2021-11-28T08:15:00.000Z,6.8395
2021-11-28T12:15:00.000Z,6.861
2021-11-28T16:15:00.000Z,6.927
2021-11-28T20:15:00.000Z,6.9555
2021-11-29T00:15:00.000Z,6.2875
2021-11-29T04:15:00.000Z,5.878
2021-11-29T08:15:00.000Z,5.4435
2021-11-29T12:15:00.000Z,6.717
2021-11-29T16:15:00.000Z,8.2205
2021-11-29T20:15:00.000Z,8.0455
2021-11-30T00:15:00.000Z,6.103
2021-11-30T04:15:00.000Z,6.133
2021-11-30T08:15:00.000Z,6.5575
2021-11-30T12:15:00.000Z,7.309
2021-11-30T16:15:00.000Z,8.127
2021-11-30T20:15:00.000Z,7.771
2021-12-01T00:15:00.000Z,6.9185
2021-12-01T04:15:00.000Z,7.2615
2021-12-01T08:15:00.000Z,7.6165
2021-12-01T12:15:00.000Z,8.1145
2021-12-01T16:15:01.000Z,7.3325
2021-12-01T20:15:00.000Z,6.6295
2021-12-02T00:15:00.000Z,5.9325
2021-12-02T04:15:00.000Z,5.7775
2021-12-02T08:15:00.000Z,6.0605
2021-12-02T12:15:00.000Z,6.1545
2021-12-02T16:15:00.000Z,7.2935
2021-12-02T20:15:00.000Z,6.579
2021-12-03T00:15:00.000Z,6.4265
2021-12-03T04:15:00.000Z,6.3505
2021-12-03T08:15:00.000Z,5.827
2021-12-03T12:15:00.000Z,5.975
2021-12-03T16:15:00.000Z,5.8235
2021-12-03T20:15:00.000Z,5.2435
2021-12-04T00:15:00.000Z,5.1
2021-12-04T04:15:00.000Z,4.2695
2021-12-04T08:15:28.000Z,5.1885
2021-12-04T12:15:00.000Z,5.99
2021-12-04T16:15:20.000Z,6.2575
2021-12-04T20:15:00.000Z,5.483
2021-12-05T00:15:00.000Z,4.9005
2021-12-05T04:15:00.000Z,4.5005
2021-12-05T08:15:00.000Z,4.812
2021-12-05T12:15:00.000Z,5.2475
2021-12-05T16:15:00.000Z,5.44
2021-12-05T20:15:00.000Z,4.901
2021-12-06T00:15:00.000Z,4.7215
2021-12-06T04:15:00.000Z,4.721
2021-12-06T08:15:04.000Z,4.9555
2021-12-06T12:15:00.000Z,5.723
2021-12-06T16:15:00.000Z,5.809
2021-12-06T20:15:00.000Z,5.5845
2021-12-07T00:15:00.000Z,5.3045
2021-12-07T04:15:00.000Z,5.08
2021-12-07T08:15:00.000Z,4.822
2021-12-07T12:15:00.000Z,5.6895
2021-12-07T16:15:00.000Z,5.1975
2021-12-07T20:15:00.000Z,5.012
2021-12-08T00:15:00.000Z,4.556
2021-12-08T04:15:00.000Z,4.558
2021-12-08T08:15:01.000Z,4.4795
2021-12-08T12:15:00.000Z,5.7085
2021-12-08T16:15:00.000Z,6.4065
2021-12-08T20:15:00.000Z,6.322
2021-12-09T00:15:00.000Z,6.04
2021-12-09T04:15:00.000Z,5.769
2021-12-09T08:15:00.000Z,5.5345
2021-12-09T12:15:00.000Z,6.2725
2021-12-09T16:15:00.000Z,6.475
2021-12-09T20:15:01.000Z,5.454
2021-12-10T00:15:00.000Z,4.981
2021-12-10T04:15:00.000Z,4.545
2021-12-10T08:15:00.000Z,4.546
2021-12-10T12:15:00.000Z,5.019
2021-12-10T16:15:00.000Z,5.3465
2021-12-10T20:15:00.000Z,4.9435
2021-12-11T00:15:00.000Z,4.173
2021-12-11T04:15:00.000Z,4.3275
2021-12-11T08:15:00.000Z,5.126
2021-12-11T12:15:00.000Z,5.3615
2021-12-11T16:15:00.000Z,5.7925
2021-12-11T20:15:00.000Z,5.5445
2021-12-12T00:15:00.000Z,5.685
2021-12-12T04:15:00.000Z,5.6335
2021-12-12T08:15:00.000Z,5.3115
2021-12-12T12:15:00.000Z,5.6285
2021-12-12T16:15:00.000Z,6.0705
2021-12-12T20:15:00.000Z,5.8425
2021-12-13T00:15:00.000Z,5.703
2021-12-13T04:15:00.000Z,5.513
2021-12-13T08:15:00.000Z,5.4685
2021-12-13T12:15:00.000Z,5.963
2021-12-13T16:15:00.000Z,5.8105
2021-12-13T20:15:00.000Z,5.317
2021-12-14T00:15:00.000Z,5.118
2021-12-14T04:15:00.000Z,5.6065
2021-12-14T08:15:00.000Z,5.314
2021-12-14T12:15:00.000Z,6.5025
2021-12-14T16:15:00.000Z,6.709
2021-12-14T20:15:00.000Z,6.121
2021-12-15T00:15:00.000Z,5.8145
2021-12-15T04:15:00.000Z,6.584
2021-12-15T08:15:00.000Z,6.682
2021-12-15T12:15:00.000Z,6.8225
2021-12-15T16:15:00.000Z,6.5125
2021-12-15T20:15:01.000Z,6.116
2021-12-16T00:15:00.000Z,6.3465
2021-12-16T04:15:00.000Z,6.808
2021-12-16T08:15:00.000Z,6.566
2021-12-16T12:15:00.000Z,6.325
2021-12-16T16:15:00.000Z,6.2735
2021-12-16T20:15:00.000Z,6.094
2021-12-17T00:15:00.000Z,5.657
2021-12-17T04:15:00.000Z,5.151
2021-12-17T08:15:00.000Z,4.9335
2021-12-17T12:15:00.000Z,5.901
2021-12-17T16:15:00.000Z,5.915
2021-12-17T20:15:00.000Z,5.3245
2021-12-18T00:15:00.000Z,5.4475
2021-12-18T04:15:00.000Z,5.0995
2021-12-18T08:15:00.000Z,5.1495
2021-12-18T12:15:00.000Z,6.118
2021-12-18T16:15:00.000Z,5.6175
2021-12-18T20:15:00.000Z,5.13
2021-12-19T00:15:00.000Z,4.974
2021-12-19T04:15:00.000Z,4.841
2021-12-19T08:15:00.000Z,5.2835
2021-12-19T12:15:00.000Z,5.215
2021-12-19T16:15:00.000Z,5.1035
2021-12-19T20:15:00.000Z,4.0395
2021-12-20T00:15:00.000Z,4.255
2021-12-20T04:15:00.000Z,3.715
2021-12-20T08:15:00.000Z,4.146
2021-12-20T12:15:00.000Z,4.1615
2021-12-20T16:15:00.000Z,4.636
2021-12-20T20:15:00.000Z,3.9725
2021-12-21T00:15:00.000Z,3.459
2021-12-21T04:15:00.000Z,2.8535
2021-12-21T08:15:00.000Z,3.509
2021-12-21T12:15:00.000Z,3.638
2021-12-21T16:15:00.000Z,3.955
2021-12-21T20:15:00.000Z,3.256
2021-12-22T00:15:00.000Z,3.0635
2021-12-22T04:15:19.000Z,2.8335
2021-12-22T08:15:00.000Z,3.0985
2021-12-22T12:15:00.000Z,4.0855
2021-12-22T16:15:00.000Z,4.5035
2021-12-22T20:15:00.000Z,4.3085
2021-12-23T00:15:06.000Z,4.455
2021-12-23T04:15:00.000Z,4.115
2021-12-23T08:15:00.000Z,4.771
2021-12-23T12:15:00.000Z,5.3095
2021-12-23T16:15:00.000Z,5.687
2021-12-23T20:15:00.000Z,4.888
2021-12-24T00:15:00.000Z,4.546
2021-12-24T04:15:00.000Z,4.0895
2021-12-24T08:15:00.000Z,4.4525
2021-12-24T12:15:00.000Z,4.3615
2021-12-24T16:15:00.000Z,4.7405
2021-12-24T20:15:00.000Z,4.3595
2021-12-25T00:15:00.000Z,4.035
2021-12-25T04:15:00.000Z,3.588
2021-12-25T08:15:00.000Z,4.036
2021-12-25T12:15:00.000Z,4.3175
2021-12-25T16:15:00.000Z,4.609
2021-12-25T20:15:00.000Z,3.9225
2021-12-26T00:15:00.000Z,3.2435
2021-12-26T04:15:00.000Z,2.854
2021-12-26T08:15:00.000Z,3.4285
2021-12-26T12:15:00.000Z,3.728
2021-12-26T16:15:00.000Z,4.496
2021-12-26T20:15:00.000Z,3.5125
2021-12-27T00:15:00.000Z,2.61
2021-12-27T04:15:00.000Z,2.014
2021-12-27T08:15:00.000Z,2.339
2021-12-27T12:15:00.000Z,2.5865
2021-12-27T16:15:00.000Z,2.753
2021-12-27T20:15:00.000Z,2.6245
2021-12-28T00:15:00.000Z,2.6235
2021-12-28T04:15:00.000Z,2.4895
2021-12-28T08:15:00.000Z,2.8565
2021-12-28T12:15:00.000Z,3.9705
2021-12-28T16:15:00.000Z,4.019
2021-12-28T20:15:00.000Z,3.9315
2021-12-29T00:15:00.000Z,4.293
2021-12-29T04:15:00.000Z,3.7905
2021-12-29T08:15:00.000Z,3.728
2021-12-29T12:15:01.000Z,3.806
2021-12-29T16:15:00.000Z,4.563
2021-12-29T20:15:00.000Z,3.809
2021-12-30T00:15:00.000Z,3.94
2021-12-30T04:15:00.000Z,4.5625
2021-12-30T08:15:00.000Z,5.6805
2021-12-30T12:15:00.000Z,5.6515
2021-12-30T16:15:00.000Z,5.749
2021-12-30T20:15:00.000Z,5.0115
2021-12-31T00:15:00.000Z,4.9655
2021-12-31T04:15:00.000Z,5.013
2021-12-31T08:15:00.000Z,4.938
2021-12-31T12:15:00.000Z,5.5815
2021-12-31T16:15:00.000Z,5.1685
2021-12-31T20:15:00.000Z,4.3955
2022-01-01T00:15:00.000Z,4.5525
2022-01-01T04:15:00.000Z,4.8375
2022-01-01T08:15:00.000Z,4.888
2022-01-01T12:15:00.000Z,4.7165
2022-01-01T16:15:00.000Z,5.244
2022-01-01T20:15:00.000Z,4.7235
2022-01-02T00:15:00.000Z,4.8175
2022-01-02T04:15:00.000Z,4.835
2022-01-02T08:15:00.000Z,5.4025
2022-01-02T12:15:00.000Z,5.438
2022-01-02T16:15:00.000Z,5.3825
2022-01-02T20:15:00.000Z,4.907
2022-01-03T00:15:00.000Z,4.769
2022-01-03T04:15:00.000Z,4.8865
2022-01-03T08:15:00.000Z,5.2435
2022-01-03T12:15:00.000Z,5.5355
2022-01-03T16:15:00.000Z,5.169
2022-01-03T20:15:00.000Z,4.32
2022-01-04T00:15:00.000Z,4.1095
2022-01-04T04:15:00.000Z,4.0575
2022-01-04T08:15:00.000Z,4.3785
2022-01-04T12:15:00.000Z,4.485
2022-01-04T16:15:00.000Z,4.2705
2022-01-04T20:15:00.000Z,4.0605
2022-01-05T00:15:00.000Z,4.0935
2022-01-05T04:15:00.000Z,3.9855
2022-01-05T08:15:00.000Z,3.921
2022-01-05T12:15:00.000Z,4.2915
2022-01-05T16:15:00.000Z,4.1305
2022-01-05T20:15:00.000Z,4.069
2022-01-06T00:15:00.000Z,4.2775
2022-01-06T04:15:00.000Z,3.43
2022-01-06T08:15:00.000Z,3.083
2022-01-06T12:15:12.000Z,3.597
2022-01-06T16:15:00.000Z,4.1905
2022-01-06T20:15:00.000Z,3.557
2022-01-07T00:15:00.000Z,3.5685
2022-01-07T04:15:00.000Z,4.0225
2022-01-07T08:15:00.000Z,4.1825
2022-01-07T12:15:00.000Z,4.579
2022-01-07T16:15:00.000Z,5.122
2022-01-07T20:15:00.000Z,4.389
2022-01-08T00:15:00.000Z,4.251
2022-01-08T04:15:00.000Z,4.659
2022-01-08T08:15:00.000Z,4.8985
2022-01-08T12:15:00.000Z,5.828
2022-01-08T16:15:00.000Z,5.859
2022-01-08T20:15:00.000Z,5.49
2022-01-09T00:15:00.000Z,5.663
2022-01-09T04:15:00.000Z,4.8205
2022-01-09T08:15:00.000Z,4.9465
2022-01-09T12:15:00.000Z,5.291
2022-01-09T16:15:00.000Z,5.67
2022-01-09T20:15:00.000Z,5.0725
2022-01-10T00:15:00.000Z,5.2195
2022-01-10T04:15:00.000Z,4.477
2022-01-10T08:15:00.000Z,4.767
2022-01-10T12:15:00.000Z,5.3165
2022-01-10T16:15:00.000Z,5.256
2022-01-10T20:15:00.000Z,4.6115
2022-01-11T00:15:00.000Z,4.7475
2022-01-11T04:15:00.000Z,4.529
2022-01-11T08:15:00.000Z,4.5435
2022-01-11T12:15:00.000Z,4.707
2022-01-11T16:15:00.000Z,4.6565
2022-01-11T20:15:00.000Z,4.388
2022-01-12T00:15:00.000Z,4.2895
2022-01-12T04:15:00.000Z,4.4075
2022-01-12T08:15:00.000Z,3.902
2022-01-12T12:15:00.000Z,4.9165
2022-01-12T16:15:00.000Z,5.974
2022-01-12T20:15:01.000Z,5.398
2022-01-13T00:15:00.000Z,5.3365
2022-01-13T04:15:00.000Z,4.627
2022-01-13T08:15:00.000Z,4.806
2022-01-13T12:15:00.000Z,5.6895
2022-01-13T16:15:00.000Z,6.574
2022-01-13T20:15:00.000Z,6.3365
2022-01-14T00:15:00.000Z,6.18
2022-01-14T04:15:00.000Z,6.1385
2022-01-14T08:15:00.000Z,6.4865
2022-01-14T12:15:00.000Z,6.563
2022-01-14T16:15:00.000Z,6.858
2022-01-14T20:15:00.000Z,6.2225
2022-01-15T00:15:02.000Z,5.736
2022-01-15T04:15:00.000Z,5.4005
2022-01-15T08:15:00.000Z,5.2715
2022-01-15T12:15:00.000Z,4.945
2022-01-15T16:15:00.000Z,5.4505
2022-01-15T20:15:00.000Z,4.4035
2022-01-16T00:15:00.000Z,4.072
2022-01-16T04:15:00.000Z,4.182
2022-01-16T08:15:00.000Z,4.832
2022-01-16T12:15:01.000Z,5.5935
2022-01-16T16:15:00.000Z,5.521
2022-01-16T20:15:00.000Z,5.282
2022-01-17T00:15:00.000Z,5.656
2022-01-17T04:15:00.000Z,5.7685
2022-01-17T08:15:00.000Z,6.4355
2022-01-17T12:15:00.000Z,6.898
2022-01-17T16:15:00.000Z,7.177
2022-01-17T20:15:00.000Z,5.802
2022-01-18T00:15:00.000Z,5.331
2022-01-18T04:15:00.000Z,4.836
2022-01-18T08:15:00.000Z,4.9055
2022-01-18T12:15:00.000Z,4.883
2022-01-18T16:15:00.000Z,5.755
2022-01-18T20:15:00.000Z,5.1255
2022-01-19T00:15:00.000Z,4.8865
2022-01-19T04:15:00.000Z,4.493
2022-01-19T08:15:00.000Z,4.2565
2022-01-19T12:15:00.000Z,4.841
2022-01-19T16:15:00.000Z,6.1615
2022-01-19T20:15:00.000Z,5.649
2022-01-20T00:15:00.000Z,4.9775
2022-01-20T04:15:00.000Z,4.435
2022-01-20T08:15:00.000Z,4.359
2022-01-20T12:15:00.000Z,5.2325
2022-01-20T16:15:00.000Z,5.746
2022-01-20T20:15:00.000Z,5.5515
2022-01-21T00:15:00.000Z,6.138
2022-01-21T04:15:00.000Z,4.89
2022-01-21T08:15:00.000Z,4.139
2022-01-21T12:15:00.000Z,4.567
2022-01-21T16:15:00.000Z,5.1925
2022-01-21T20:15:00.000Z,4.9965
2022-01-22T00:15:00.000Z,5.6995
2022-01-22T04:15:00.000Z,5.6185
2022-01-22T08:15:00.000Z,5.539
2022-01-22T12:15:00.000Z,5.5115
2022-01-22T16:15:00.000Z,6.28
2022-01-22T20:15:00.000Z,6.0795
2022-01-23T00:15:00.000Z,6.118
2022-01-23T04:15:00.000Z,5.9795
2022-01-23T08:15:00.000Z,5.437
2022-01-23T12:15:00.000Z,6.0975
2022-01-23T16:15:00.000Z,6.3945
2022-01-23T20:15:09.000Z,5.699
2022-01-24T00:15:00.000Z,5.3985
2022-01-24T04:15:00.000Z,5.1675
2022-01-24T08:15:00.000Z,4.5345
2022-01-24T12:15:00.000Z,5.51
2022-01-24T16:15:00.000Z,6.274
2022-01-24T20:15:00.000Z,5.6975
2022-01-25T00:15:00.000Z,5.184
2022-01-25T04:15:00.000Z,4.748
2022-01-25T08:15:00.000Z,4.5865
2022-01-25T12:15:00.000Z,4.912
2022-01-25T16:15:00.000Z,5.157
2022-01-25T20:15:00.000Z,4.334
2022-01-26T00:15:00.000Z,5.3375
2022-01-26T04:15:00.000Z,4.846
2022-01-26T08:15:00.000Z,4.727
2022-01-26T12:15:00.000Z,5.148
2022-01-26T16:15:00.000Z,5.822
2022-01-26T20:15:00.000Z,5.6845
2022-01-27T00:15:00.000Z,5.466
2022-01-27T04:15:00.000Z,5.177
2022-01-27T08:15:00.000Z,5.3455
2022-01-27T12:15:00.000Z,5.415
2022-01-27T16:15:00.000Z,6.096
2022-01-27T20:15:00.000Z,5.9865
2022-01-28T00:15:00.000Z,5.9165
2022-01-28T04:15:00.000Z,5.2875
2022-01-28T08:15:00.000Z,5.574
2022-01-28T12:15:00.000Z,5.579
2022-01-28T16:15:00.000Z,6.13
2022-01-28T20:15:00.000Z,5.919
2022-01-29T00:15:04.000Z,6.5625
2022-01-29T04:15:00.000Z,6.1915
2022-01-29T08:15:00.000Z,7.0775
2022-01-29T12:15:00.000Z,6.9405
2022-01-29T16:15:00.000Z,7.0735
2022-01-29T20:15:00.000Z,6.45
2022-01-30T00:15:00.000Z,5.448
2022-01-30T04:15:00.000Z,5.2625
2022-01-30T08:15:00.000Z,5.354
2022-01-30T12:15:00.000Z,5.782
2022-01-30T16:15:00.000Z,6.0175
2022-01-30T20:15:02.000Z,5.0995
2022-01-31T00:15:00.000Z,4.938
2022-01-31T04:15:00.000Z,4.805
2022-01-31T08:15:00.000Z,4.8305
2022-01-31T12:15:00.000Z,5.521
2022-01-31T16:15:00.000Z,5.5945
2022-01-31T20:15:00.000Z,5.763
2022-02-01T00:15:00.000Z,5.376
2022-02-01T04:15:00.000Z,5.484
2022-02-01T08:15:00.000Z,5.5965
2022-02-01T12:15:00.000Z,6.207
2022-02-01T16:15:00.000Z,6.445
2022-02-01T20:15:00.000Z,6.437
2022-02-02T00:15:00.000Z,6.343
2022-02-02T04:15:00.000Z,5.9315
2022-02-02T08:15:00.000Z,5.7085
2022-02-02T12:15:00.000Z,6.1655
2022-02-02T16:15:00.000Z,6.342
2022-02-02T20:15:00.000Z,5.531
2022-02-03T00:15:00.000Z,4.742
2022-02-03T04:15:00.000Z,4.5975
2022-02-03T08:15:00.000Z,4.883
2022-02-03T12:15:00.000Z,5.2425
2022-02-03T16:15:00.000Z,6.1
2022-02-03T20:15:00.000Z,5.655
2022-02-04T00:15:00.000Z,5.6505
2022-02-04T04:15:00.000Z,5.6365
2022-02-04T08:15:00.000Z,6.065
2022-02-04T12:15:00.000Z,6.7455
2022-02-04T16:15:00.000Z,6.476
2022-02-04T20:15:00.000Z,5.67
2022-02-05T00:15:00.000Z,4.6765
2022-02-05T04:15:00.000Z,4.127
2022-02-05T08:15:00.000Z,4.2255
2022-02-05T12:15:00.000Z,5.4775
2022-02-05T16:15:00.000Z,6.3485
2022-02-05T20:15:00.000Z,5.8625
2022-02-06T00:15:00.000Z,5.677
2022-02-06T04:15:00.000Z,4.942
2022-02-06T08:15:00.000Z,4.9445
2022-02-06T12:15:00.000Z,5.447
2022-02-06T16:15:00.000Z,5.343
2022-02-06T20:15:00.000Z,5.047
2022-02-07T00:15:00.000Z,4.968
2022-02-07T04:15:00.000Z,4.5515
2022-02-07T08:15:00.000Z,5.0305
2022-02-07T12:15:00.000Z,5.963
2022-02-07T16:15:00.000Z,7.347
2022-02-07T20:15:00.000Z,6.759
2022-02-08T00:15:00.000Z,6.5375
2022-02-08T04:15:00.000Z,6.5125
2022-02-08T08:15:00.000Z,7.4535
2022-02-08T12:15:00.000Z,8.2125
2022-02-08T16:15:00.000Z,7.943
2022-02-08T20:15:00.000Z,7.3235
2022-02-09T00:15:01.000Z,6.7885
2022-02-09T04:15:00.000Z,6.9425
2022-02-09T08:15:00.000Z,7.2725
2022-02-09T12:15:00.000Z,7.4915
2022-02-09T16:15:00.000Z,7.4665
2022-02-09T20:15:00.000Z,7.259
2022-02-10T00:15:00.000Z,6.7325
2022-02-10T04:15:00.000Z,6.8445
2022-02-10T08:15:00.000Z,6.6385
2022-02-10T12:15:00.000Z,7.581
2022-02-10T16:15:00.000Z,7.5835
2022-02-10T20:15:00.000Z,7.4985
2022-02-11T00:15:00.000Z,6.493
2022-02-11T04:15:00.000Z,6.4925
2022-02-11T08:15:00.000Z,6.6195
2022-02-11T12:15:00.000Z,6.9365
2022-02-11T16:15:00.000Z,7.51
2022-02-11T20:15:00.000Z,6.886
2022-02-12T00:15:00.000Z,6.273
2022-02-12T04:15:00.000Z,5.668
2022-02-12T08:15:00.000Z,6.019
2022-02-12T12:15:00.000Z,6.809
2022-02-12T16:15:00.000Z,6.826
2022-02-12T20:15:00.000Z,6.1425
2022-02-13T00:15:00.000Z,6.125
2022-02-13T04:15:00.000Z,5.787
2022-02-13T08:15:00.000Z,5.654
2022-02-13T12:15:00.000Z,6.4765
2022-02-13T16:15:00.000Z,6.909
2022-02-13T20:15:00.000Z,6.108
2022-02-14T00:15:00.000Z,6.0995
2022-02-14T04:15:00.000Z,6.07
2022-02-14T08:15:00.000Z,5.776
2022-02-14T12:15:00.000Z,6.753
2022-02-14T16:15:00.000Z,7.5545
2022-02-14T20:15:00.000Z,6.1655
2022-02-15T00:15:00.000Z,5.7455
2022-02-15T04:15:00.000Z,5.4215
2022-02-15T08:15:00.000Z,5.4035
2022-02-15T12:15:00.000Z,6.413
2022-02-15T16:15:00.000Z,6.9315
2022-02-15T20:15:00.000Z,5.693
2022-02-16T00:15:00.000Z,5.536
2022-02-16T04:15:00.000Z,5.3225
2022-02-16T08:15:00.000Z,5.625
2022-02-16T12:15:00.000Z,6.684
2022-02-16T16:15:00.000Z,7.2195
2022-02-16T20:15:00.000Z,6.9345
2022-02-17T00:15:00.000Z,6.5725
2022-02-17T04:15:00.000Z,6.595
2022-02-17T08:15:00.000Z,6.775
2022-02-17T12:15:00.000Z,7.6715
2022-02-17T16:15:00.000Z,8.015
2022-02-17T20:15:00.000Z,7.5885
2022-02-18T00:15:00.000Z,7.2625
2022-02-18T04:15:00.000Z,7.641
2022-02-18T08:15:00.000Z,8.249
2022-02-18T12:15:00.000Z,9.3685
2022-02-18T16:15:00.000Z,8.536
2022-02-18T20:15:01.000Z,7.209
2022-02-19T00:15:00.000Z,6.5455
2022-02-19T04:15:00.000Z,5.9745
2022-02-19T08:15:00.000Z,6.0125
2022-02-19T12:15:00.000Z,7.1655
2022-02-19T16:15:00.000Z,7.646
2022-02-19T20:15:00.000Z,7.6135
2022-02-20T00:15:00.000Z,6.8505
2022-02-20T04:15:00.000Z,6.5045
2022-02-20T08:15:00.000Z,7.201
2022-02-20T12:15:00.000Z,7.7045
2022-02-20T16:15:00.000Z,7.6055
2022-02-20T20:15:00.000Z,7.54
2022-02-21T00:15:00.000Z,7.126
2022-02-21T04:15:00.000Z,6.8165
2022-02-21T08:15:00.000Z,6.768
2022-02-21T12:15:00.000Z,7.285
2022-02-21T16:15:00.000Z,8.2545
2022-02-21T20:15:00.000Z,8.32
2022-02-22T00:15:00.000Z,7.7995
2022-02-22T04:15:00.000Z,7.067
2022-02-22T08:15:00.000Z,6.905
2022-02-22T12:15:00.000Z,8.0855
2022-02-22T16:15:00.000Z,8.008
2022-02-22T20:15:00.000Z,7.549
2022-02-23T00:15:00.000Z,6.9805
2022-02-23T04:15:00.000Z,6.854
2022-02-23T08:15:00.000Z,7.2125
2022-02-23T12:15:00.000Z,7.2545
2022-02-23T16:15:00.000Z,7.9545
2022-02-23T20:15:00.000Z,7.482
2022-02-24T00:15:00.000Z,7.489
2022-02-24T04:15:00.000Z,7.162
2022-02-24T08:15:00.000Z,7.489
2022-02-24T12:15:00.000Z,7.5185
2022-02-24T16:15:00.000Z,7.457
2022-02-24T20:15:00.000Z,6.5335
2022-02-25T00:15:01.000Z,5.8955
2022-02-25T04:15:00.000Z,5.8995
2022-02-25T08:15:00.000Z,6.912
2022-02-25T12:15:00.000Z,7.888
2022-02-25T16:15:00.000Z,8.445
2022-02-25T20:15:00.000Z,7.869
2022-02-26T00:15:00.000Z,7.311
2022-02-26T04:15:00.000Z,6.925
2022-02-26T08:15:00.000Z,6.306
2022-02-26T12:15:00.000Z,7.562
2022-02-26T16:15:00.000Z,8.13
2022-02-26T20:15:00.000Z,7.803
2022-02-27T00:15:00.000Z,6.858
2022-02-27T04:15:00.000Z,7.1695
2022-02-27T08:15:00.000Z,7.408
2022-02-27T12:15:00.000Z,8.2335
2022-02-27T16:15:01.000Z,8.503
2022-02-27T20:15:01.000Z,8.3935
2022-02-28T00:15:00.000Z,7.496
2022-02-28T04:15:00.000Z,7.0745
2022-02-28T08:15:00.000Z,6.8515
2022-02-28T12:15:00.000Z,8.11
2022-02-28T16:15:00.000Z,8.979
2022-02-28T20:15:00.000Z,8.2905
2022-03-01T00:15:01.000Z,7.349
2022-03-01T04:15:02.000Z,7.15
2022-03-01T08:15:00.000Z,7.776
2022-03-01T12:15:00.000Z,9.192
2022-03-01T16:15:00.000Z,9.9505
2022-03-01T20:15:00.000Z,9.144
2022-03-02T00:15:00.000Z,7.906
2022-03-02T04:15:00.000Z,7.2465
2022-03-02T08:15:00.000Z,7.748
2022-03-02T12:15:00.000Z,8.946
2022-03-02T16:15:00.000Z,9.726
2022-03-02T20:15:00.000Z,8.343
2022-03-03T00:15:00.000Z,7.529
2022-03-03T04:15:00.000Z,6.9515
2022-03-03T08:15:00.000Z,7.4015
2022-03-03T12:15:00.000Z,8.8635
2022-03-03T16:15:00.000Z,8.944
2022-03-03T20:15:00.000Z,8.104
2022-03-04T00:15:00.000Z,7.2795
2022-03-04T04:15:00.000Z,6.761
2022-03-04T08:15:00.000Z,7.027
2022-03-04T12:15:00.000Z,7.2005
2022-03-04T16:15:01.000Z,7.754
2022-03-04T20:15:00.000Z,7.085
2022-03-05T00:15:00.000Z,6.4285
2022-03-05T04:15:00.000Z,6.0305
2022-03-05T08:15:00.000Z,6.8485
2022-03-05T12:15:00.000Z,7.611
2022-03-05T16:15:00.000Z,7.3975
2022-03-05T20:15:00.000Z,6.4835
2022-03-06T00:15:00.000Z,5.4525
2022-03-06T04:15:00.000Z,5.4035
2022-03-06T08:15:00.000Z,6.034
2022-03-06T12:15:00.000Z,7.61
2022-03-06T16:15:00.000Z,7.821
2022-03-06T20:15:01.000Z,7.483
2022-03-07T00:15:00.000Z,6.9285
2022-03-07T04:15:00.000Z,6.951
2022-03-07T08:15:00.000Z,7.715
2022-03-07T12:15:00.000Z,9.026
2022-03-07T16:15:00.000Z,9.1475
2022-03-07T20:15:00.000Z,8.3395
2022-03-08T00:15:00.000Z,7.7405
2022-03-08T04:15:00.000Z,6.745
2022-03-08T08:15:00.000Z,6.913
2022-03-08T12:15:00.000Z,8.374
2022-03-08T16:15:00.000Z,8.993
2022-03-08T20:15:00.000Z,8.201
2022-03-09T00:15:00.000Z,7.2865
2022-03-09T04:15:00.000Z,6.484
2022-03-09T08:15:29.000Z,7.349
2022-03-09T12:15:00.000Z,8.558
2022-03-09T16:15:00.000Z,8.598
2022-03-09T20:15:00.000Z,7.7015
2022-03-10T00:15:00.000Z,6.4465
2022-03-10T04:15:00.000Z,6.329
2022-03-10T08:15:00.000Z,7.21
2022-03-10T12:15:00.000Z,8.3165
2022-03-10T16:15:00.000Z,8.434
2022-03-10T20:15:00.000Z,8.3855
2022-03-11T00:15:00.000Z,7.439
2022-03-11T04:15:00.000Z,7.2
2022-03-11T08:15:00.000Z,8.0765
2022-03-11T12:15:00.000Z,9.4385
2022-03-11T16:15:00.000Z,9.248
2022-03-11T20:15:00.000Z,8.8165
2022-03-12T00:15:00.000Z,7.4445
2022-03-12T04:15:00.000Z,7.1645
2022-03-12T08:15:00.000Z,7.919
2022-03-12T12:15:01.000Z,8.8915
2022-03-12T16:15:00.000Z,8.977
2022-03-12T20:15:00.000Z,8.1505
2022-03-13T00:15:00.000Z,7.157
2022-03-13T04:15:00.000Z,7.01
2022-03-13T08:15:00.000Z,7.8535
2022-03-13T12:15:00.000Z,8.5225
2022-03-13T16:15:00.000Z,8.93
2022-03-13T20:15:00.000Z,8.516
2022-03-14T00:15:00.000Z,7.969
2022-03-14T04:15:00.000Z,7.9235
2022-03-14T08:15:00.000Z,8.227
2022-03-14T12:15:00.000Z,10.05
2022-03-14T16:15:00.000Z,10.609
2022-03-14T20:15:00.000Z,10.065
2022-03-15T00:15:00.000Z,8.144
2022-03-15T04:15:00.000Z,8.2095
2022-03-15T08:15:00.000Z,8.6645
2022-03-15T12:15:00.000Z,10.082
2022-03-15T16:15:00.000Z,10.576
2022-03-15T20:15:00.000Z,10.5115
2022-03-16T00:15:00.000Z,9.325
2022-03-16T04:15:00.000Z,8.6415
2022-03-16T08:15:00.000Z,9.2175
2022-03-16T12:15:00.000Z,9.5
2022-03-16T16:15:00.000Z,9.723
2022-03-16T20:15:00.000Z,9.3195
2022-03-17T00:15:00.000Z,8.5145
2022-03-17T04:15:00.000Z,8.022
2022-03-17T08:15:00.000Z,7.9005
2022-03-17T12:15:00.000Z,9.272
2022-03-17T16:15:00.000Z,9.799
2022-03-17T20:15:00.000Z,9.475
2022-03-18T00:15:01.000Z,8.0065
2022-03-18T04:15:00.000Z,7.6875
2022-03-18T08:15:00.000Z,7.5245
2022-03-18T12:15:00.000Z,9.229
2022-03-18T16:15:00.000Z,10.0855
2022-03-18T20:15:00.000Z,10.2985
2022-03-19T00:15:00.000Z,8.834
2022-03-19T04:15:00.000Z,8.706
2022-03-19T08:15:00.000Z,8.9845
2022-03-19T12:15:00.000Z,10.5245
2022-03-19T16:15:00.000Z,10.747
2022-03-19T20:15:00.000Z,10.015
2022-03-20T00:15:00.000Z,8.3245
2022-03-20T04:15:00.000Z,8.627
2022-03-20T08:15:00.000Z,9.17
2022-03-20T12:15:00.000Z,11.0195
2022-03-20T16:15:00.000Z,11.596
2022-03-20T20:15:00.000Z,10.5355
2022-03-21T00:15:00.000Z,8.91
2022-03-21T04:15:00.000Z,8.431
2022-03-21T08:15:00.000Z,9.1755
2022-03-21T12:15:00.000Z,11.3
2022-03-21T16:15:00.000Z,11.075
2022-03-21T20:15:00.000Z,10.341
2022-03-22T00:15:00.000Z,9.3785
2022-03-22T04:15:00.000Z,8.649
2022-03-22T08:15:00.000Z,9.718
2022-03-22T12:15:00.000Z,11.273
2022-03-22T16:15:00.000Z,12.432
2022-03-22T20:15:00.000Z,11.7885
2022-03-23T00:15:00.000Z,9.7725
2022-03-23T04:15:00.000Z,9.4605
2022-03-23T08:15:00.000Z,9.316
2022-03-23T12:15:00.000Z,11.761
2022-03-23T16:15:00.000Z,12.8595
2022-03-23T20:15:00.000Z,11.9205
2022-03-24T00:15:00.000Z,9.364
2022-03-24T04:15:00.000Z,9.332
2022-03-24T08:15:00.000Z,9.698
2022-03-24T12:15:00.000Z,11.824
2022-03-24T16:15:00.000Z,12.8925
2022-03-24T20:15:01.000Z,12.6625
2022-03-25T00:15:00.000Z,10.1875
2022-03-25T04:15:00.000Z,9.748
2022-03-25T08:15:00.000Z,10.481
2022-03-25T12:15:00.000Z,12.4265
2022-03-25T16:15:01.000Z,13.457
2022-03-25T20:15:00.000Z,13.055
2022-03-26T00:15:00.000Z,11.517
2022-03-26T04:15:00.000Z,10.6595
2022-03-26T08:15:00.000Z,11.437
2022-03-26T12:15:00.000Z,12.8935
2022-03-26T16:15:00.000Z,12.897
2022-03-26T20:15:00.000Z,12.125
2022-03-27T00:15:00.000Z,10.2945
2022-03-27T04:15:00.000Z,9.275
2022-03-27T08:15:00.000Z,9.6225
2022-03-27T12:15:00.000Z,11.4905
2022-03-27T16:15:00.000Z,12.147
2022-03-27T20:15:00.000Z,11.471
2022-03-28T00:15:00.000Z,9.832
2022-03-28T04:15:00.000Z,9.315
2022-03-28T08:15:00.000Z,10.243
2022-03-28T12:15:00.000Z,10.898
2022-03-28T16:15:00.000Z,11.804
2022-03-28T20:15:00.000Z,11.007
2022-03-29T00:15:00.000Z,9.86
2022-03-29T04:15:00.000Z,9.734
2022-03-29T08:15:00.000Z,9.504
2022-03-29T12:15:01.000Z,10.5405
2022-03-29T16:15:01.000Z,11.441
2022-03-29T20:15:00.000Z,10.632
2022-03-30T00:15:00.000Z,9.8145
2022-03-30T04:15:01.000Z,9.845
2022-03-30T08:15:00.000Z,9.79
2022-03-30T12:15:01.000Z,10.6445
2022-03-30T16:15:00.000Z,11.324
2022-03-30T20:15:00.000Z,10.6765
2022-03-31T00:15:00.000Z,9.226
2022-03-31T04:15:00.000Z,10.0635
2022-03-31T08:15:00.000Z,10.3945
2022-03-31T12:15:00.000Z,11.455
2022-03-31T16:15:00.000Z,11.2435
2022-03-31T20:15:00.000Z,10.557
2022-04-01T00:15:00.000Z,8.704
2022-04-01T04:15:00.000Z,8.4515
2022-04-01T08:15:00.000Z,9.361
2022-04-01T12:15:00.000Z,10.711
2022-04-01T16:15:01.000Z,10.9015
2022-04-01T20:15:00.000Z,10.115
2022-04-02T00:15:00.000Z,9.1145
2022-04-02T04:15:00.000Z,8.5485
2022-04-02T08:15:00.000Z,9.548
2022-04-02T12:15:00.000Z,11.168
2022-04-02T16:15:00.000Z,11.462
2022-04-02T20:15:00.000Z,10.517
2022-04-03T00:15:00.000Z,9.1385
2022-04-03T04:15:00.000Z,8.662
2022-04-03T08:15:00.000Z,9.4975
2022-04-03T12:15:00.000Z,11.531
2022-04-03T16:15:00.000Z,11.8445
2022-04-03T20:15:00.000Z,10.6515
2022-04-04T00:15:00.000Z,9.12
2022-04-04T04:15:00.000Z,8.7345
2022-04-04T08:15:00.000Z,9.783
2022-04-04T12:15:00.000Z,11.372
2022-04-04T16:15:01.000Z,11.836
2022-04-04T20:15:00.000Z,11.2005
2022-04-05T00:15:00.000Z,10.1585
2022-04-05T04:15:00.000Z,10.288
2022-04-05T08:15:00.000Z,11.23
2022-04-05T12:15:00.000Z,12.6375
2022-04-05T16:15:00.000Z,12.5435
2022-04-05T20:15:00.000Z,11.9475
2022-04-06T00:15:00.000Z,10.3545
2022-04-06T04:15:00.000Z,10.0235
2022-04-06T08:15:00.000Z,11.0925
2022-04-06T12:15:00.000Z,12.146
2022-04-06T16:15:00.000Z,12.185
2022-04-06T20:15:01.000Z,11.4945
2022-04-07T00:15:00.000Z,10.666
2022-04-07T04:15:04.000Z,10.854
2022-04-07T08:15:00.000Z,11.186
2022-04-07T12:15:00.000Z,12.664
2022-04-07T16:15:00.000Z,12.6
2022-04-07T20:15:00.000Z,12.5725
2022-04-08T00:15:00.000Z,10.9185
2022-04-08T04:15:00.000Z,11.1445
2022-04-08T08:15:00.000Z,12.0945
2022-04-08T12:15:02.000Z,13.5025
2022-04-08T16:15:01.000Z,13.371
2022-04-08T20:15:00.000Z,12.1325
2022-04-09T00:15:00.000Z,10.907
2022-04-09T04:15:00.000Z,11.1945
2022-04-09T08:15:00.000Z,11.98
2022-04-09T12:15:00.000Z,13.125
2022-04-09T16:15:00.000Z,13.666
2022-04-09T20:15:00.000Z,12.7585
2022-04-10T00:15:00.000Z,11.5955
2022-04-10T04:15:00.000Z,11.3015
2022-04-10T08:15:00.000Z,11.7845
2022-04-10T12:15:00.000Z,13.621
2022-04-10T16:15:01.000Z,14.0745
2022-04-10T20:15:00.000Z,12.32
2022-04-11T00:15:00.000Z,10.7965
2022-04-11T04:15:00.000Z,11.4125
2022-04-11T08:15:00.000Z,11.701
2022-04-11T12:15:00.000Z,13.5115
2022-04-11T16:15:01.000Z,14.151
2022-04-11T20:15:01.000Z,13.238
2022-04-12T00:15:00.000Z,11.554
2022-04-12T04:15:00.000Z,11.765
2022-04-12T08:15:00.000Z,12.3505
2022-04-12T12:15:00.000Z,14.848
2022-04-12T16:15:00.000Z,15.2315
2022-04-12T20:15:00.000Z,13.774
2022-04-13T00:15:00.000Z,12.5135
2022-04-13T04:15:00.000Z,12.3645
2022-04-13T08:15:00.000Z,13.2135
2022-04-13T12:15:01.000Z,14.033
2022-04-13T16:15:00.000Z,14.443
2022-04-13T20:15:00.000Z,14.4045
2022-04-14T00:15:00.000Z,12.345
2022-04-14T04:15:00.000Z,12.845
2022-04-14T08:15:00.000Z,12.687
2022-04-14T12:15:00.000Z,14.055
2022-04-14T16:15:00.000Z,14.536
2022-04-14T20:15:00.000Z,14.3915
2022-04-15T00:15:00.000Z,12.357
2022-04-15T04:15:00.000Z,12.5995
2022-04-15T08:15:00.000Z,12.7995
2022-04-15T12:15:01.000Z,14.3905
2022-04-15T16:15:00.000Z,14.389
2022-04-15T20:15:00.000Z,13.7065
2022-04-16T00:15:00.000Z,11.658
2022-04-16T04:15:00.000Z,11.8885
2022-04-16T08:15:00.000Z,12.034
2022-04-16T12:15:00.000Z,13.821
2022-04-16T16:15:00.000Z,14.4075
2022-04-16T20:15:00.000Z,13.2135
2022-04-17T00:15:00.000Z,11.009
2022-04-17T04:15:07.000Z,10.474
2022-04-17T08:15:00.000Z,10.9365
2022-04-17T12:15:00.000Z,12.962
2022-04-17T16:15:01.000Z,13.7565
2022-04-17T20:15:01.000Z,12.437
2022-04-18T00:15:00.000Z,10.746
2022-04-18T04:15:00.000Z,11.25
2022-04-18T08:15:00.000Z,11.4725
2022-04-18T12:15:00.000Z,13.9465
2022-04-18T16:15:00.000Z,14.518
2022-04-18T20:15:00.000Z,13.351
2022-04-19T00:15:00.000Z,11.288
2022-04-19T04:15:00.000Z,11.715
2022-04-19T08:15:00.000Z,12.34
2022-04-19T12:15:00.000Z,14.366
2022-04-19T16:15:00.000Z,15.2165
2022-04-19T20:15:00.000Z,14.2905
2022-04-20T00:15:00.000Z,11.785
2022-04-20T04:15:00.000Z,11.734
2022-04-20T08:15:00.000Z,12.2555
2022-04-20T12:15:00.000Z,14.686
2022-04-20T16:15:00.000Z,15.633
2022-04-20T20:15:00.000Z,14.4475
2022-04-21T00:15:00.000Z,12.934
2022-04-21T04:15:00.000Z,12.29
2022-04-21T08:15:00.000Z,12.5265
2022-04-21T12:15:00.000Z,14.4645
2022-04-21T16:15:00.000Z,14.6095
2022-04-21T20:15:00.000Z,13.8635
2022-04-22T00:15:00.000Z,11.495
2022-04-22T04:15:01.000Z,12.1685
2022-04-22T08:15:01.000Z,12.4345
2022-04-22T12:15:00.000Z,14.053
2022-04-22T16:15:00.000Z,14.4125
2022-04-22T20:15:00.000Z,14.205
2022-04-23T00:15:00.000Z,12.547
2022-04-23T04:15:01.000Z,12.3075
2022-04-23T08:15:00.000Z,12.5565
2022-04-23T12:15:00.000Z,14.591
2022-04-23T16:15:00.000Z,14.653
2022-04-23T20:15:00.000Z,13.53
2022-04-24T00:15:00.000Z,12.4905
2022-04-24T04:15:00.000Z,12.67
2022-04-24T08:15:00.000Z,12.4435
2022-04-24T12:15:00.000Z,13.8845
2022-04-24T16:15:00.000Z,14.137
2022-04-24T20:15:00.000Z,14.122
2022-04-25T00:15:00.000Z,12.85
2022-04-25T04:15:00.000Z,12.4935
2022-04-25T08:15:00.000Z,12.5055
2022-04-25T12:15:00.000Z,13.9185
2022-04-25T16:15:01.000Z,14.57
2022-04-25T20:15:00.000Z,14.235
2022-04-26T00:15:00.000Z,12.605
2022-04-26T04:15:00.000Z,12.294
2022-04-26T08:15:00.000Z,12.663
2022-04-26T12:15:00.000Z,14.3875
2022-04-26T16:15:00.000Z,14.369
2022-04-26T20:15:00.000Z,14.4935
2022-04-27T00:15:00.000Z,12.724
2022-04-27T04:15:00.000Z,11.9935
2022-04-27T08:15:00.000Z,11.7765
2022-04-27T12:15:00.000Z,13.2705
2022-04-27T16:15:00.000Z,14.001
2022-04-27T20:15:00.000Z,13.523
2022-04-28T00:15:00.000Z,11.972
2022-04-28T04:15:00.000Z,11.0395
2022-04-28T08:15:00.000Z,11.1755
2022-04-28T12:15:00.000Z,13.252
2022-04-28T16:15:01.000Z,13.9535
2022-04-28T20:15:00.000Z,13.3835
2022-04-29T00:15:00.000Z,12.0785
2022-04-29T04:15:00.000Z,11.902
2022-04-29T08:15:00.000Z,11.743
2022-04-29T12:15:00.000Z,12.982
2022-04-29T16:15:00.000Z,13.156
2022-04-29T20:15:01.000Z,13.4975
2022-04-30T00:15:00.000Z,11.6585
2022-04-30T04:15:01.000Z,11.533
2022-04-30T08:15:00.000Z,11.852
2022-04-30T12:15:00.000Z,13.504
2022-04-30T16:15:00.000Z,13.594
2022-04-30T20:15:01.000Z,14.3565
2022-05-01T00:15:00.000Z,12.3495
2022-05-01T04:15:00.000Z,12.6175
2022-05-01T08:15:00.000Z,13.034
2022-05-01T12:15:01.000Z,14.304
2022-05-01T16:15:00.000Z,14.589
2022-05-01T20:15:00.000Z,14.2665
2022-05-02T00:15:00.000Z,13.1655
2022-05-02T04:15:00.000Z,12.952
2022-05-02T08:15:00.000Z,13.165
2022-05-02T12:15:00.000Z,15.1445
2022-05-02T16:15:14.000Z,15.51
2022-05-02T20:15:00.000Z,14.9625
2022-05-03T00:15:00.000Z,12.6
2022-05-03T04:15:01.000Z,12.665
2022-05-03T08:15:00.000Z,13.39
2022-05-03T12:15:00.000Z,15.1795
2022-05-03T16:15:00.000Z,15.9165
2022-05-03T20:15:00.000Z,15.0465
2022-05-04T00:15:00.000Z,12.851
2022-05-04T04:15:00.000Z,12.998
2022-05-04T08:15:00.000Z,13.8155
2022-05-04T12:15:01.000Z,15.1055
2022-05-04T16:15:00.000Z,15.7985
2022-05-04T20:15:00.000Z,14.8085
2022-05-05T00:15:00.000Z,13.542
2022-05-05T04:15:00.000Z,13.5795
2022-05-05T08:15:00.000Z,14.0265
2022-05-05T12:15:00.000Z,16.1675
2022-05-05T16:15:00.000Z,16.4425
2022-05-05T20:15:00.000Z,15.695
2022-05-06T00:15:00.000Z,14.1745
2022-05-06T04:15:00.000Z,12.825
2022-05-06T08:15:00.000Z,13.0855
2022-05-06T12:15:00.000Z,14.488
2022-05-06T16:15:01.000Z,14.5755
2022-05-06T20:15:00.000Z,14.4465
2022-05-07T00:15:00.000Z,12.615
2022-05-07T04:15:01.000Z,13.6965
2022-05-07T08:15:00.000Z,14.157
2022-05-07T12:15:00.000Z,15.1445
2022-05-07T16:15:00.000Z,14.9195
2022-05-07T20:15:00.000Z,15.045
2022-05-08T00:15:00.000Z,12.952
2022-05-08T04:15:00.000Z,12.428
2022-05-08T08:15:00.000Z,12.98
2022-05-08T12:15:00.000Z,14.313
2022-05-08T16:15:00.000Z,14.8315
2022-05-08T20:15:00.000Z,14.523
2022-05-09T00:15:00.000Z,12.331
2022-05-09T04:15:00.000Z,12.0455
2022-05-09T08:15:00.000Z,12.079
2022-05-09T12:15:00.000Z,14.447
2022-05-09T16:15:00.000Z,15.137
2022-05-09T20:15:00.000Z,15.508
2022-05-10T00:15:00.000Z,13.183
2022-05-10T04:15:00.000Z,13.3025
2022-05-10T08:15:00.000Z,13.3795
2022-05-10T12:15:00.000Z,14.5995
2022-05-10T16:15:00.000Z,14.7375
2022-05-10T20:15:00.000Z,14.829
2022-05-11T00:15:00.000Z,13.2285
2022-05-11T04:15:00.000Z,13.169
2022-05-11T08:15:00.000Z,14.1985
2022-05-11T12:15:01.000Z,15.439
2022-05-11T16:15:00.000Z,15.8
2022-05-11T20:15:00.000Z,15.8325
2022-05-12T00:15:00.000Z,14.211
2022-05-12T04:15:00.000Z,13.8535
2022-05-12T08:15:00.000Z,14.118
2022-05-12T12:15:01.000Z,16.0565
2022-05-12T16:15:00.000Z,16.5985
2022-05-12T20:15:00.000Z,15.5425
2022-05-13T00:15:00.000Z,13.7295
2022-05-13T04:15:00.000Z,14.0655
2022-05-13T08:15:01.000Z,14.5365
2022-05-13T12:15:00.000Z,16.389
2022-05-13T12:15:29.000Z,16.389
2022-05-13T16:15:00.000Z,16.8365
2022-05-13T20:15:00.000Z,16.9305
2022-05-14T00:15:00.000Z,14.517
2022-05-14T04:15:01.000Z,14.876
2022-05-14T08:15:00.000Z,15.256
2022-05-14T12:15:00.000Z,17.157
2022-05-14T16:15:00.000Z,17.5345
2022-05-14T20:15:00.000Z,17.53
2022-05-15T00:15:00.000Z,15.201
2022-05-15T04:15:00.000Z,14.8155
2022-05-15T08:15:00.000Z,15.1305
2022-05-15T12:15:00.000Z,17.703
2022-05-15T16:15:00.000Z,17.3985
2022-05-15T20:15:00.000Z,17.3685
2022-05-16T00:15:00.000Z,15.3955
2022-05-16T04:15:00.000Z,15.6315
2022-05-16T08:15:00.000Z,16.1345
2022-05-16T12:15:00.000Z,17.598
2022-05-16T16:15:00.000Z,19.0815
2022-05-16T20:15:00.000Z,18.1885
2022-05-17T00:15:00.000Z,15.4835
2022-05-17T04:15:00.000Z,15.336
2022-05-17T08:15:00.000Z,15.5445
2022-05-17T12:15:00.000Z,17.238
2022-05-17T16:15:00.000Z,17.7415
2022-05-17T20:15:00.000Z,17.6875
2022-05-18T00:15:00.000Z,15.099
2022-05-18T04:15:01.000Z,16.0345
2022-05-18T08:15:00.000Z,16.462
2022-05-18T12:15:00.000Z,17.603
2022-05-18T16:15:01.000Z,17.7135
2022-05-18T20:15:00.000Z,17.0075
2022-05-19T00:15:00.000Z,15.9835
2022-05-19T04:15:01.000Z,15.852
2022-05-19T08:15:00.000Z,15.826
2022-05-19T12:15:00.000Z,16.8455
2022-05-19T16:15:00.000Z,17.742
2022-05-19T20:15:00.000Z,16.5905
2022-05-20T00:15:00.000Z,15.1035
2022-05-20T04:15:01.000Z,15.3135
2022-05-20T08:15:00.000Z,15.49
2022-05-20T12:15:00.000Z,16.5975
2022-05-20T16:15:00.000Z,17.1255
2022-05-20T20:15:00.000Z,16.578
2022-05-21T00:15:00.000Z,14.723
2022-05-21T04:15:00.000Z,14.6535
2022-05-21T08:15:00.000Z,15.375
2022-05-21T12:15:00.000Z,17.043
2022-05-21T16:15:00.000Z,17.0215
2022-05-21T20:15:00.000Z,17.122
2022-05-22T00:15:00.000Z,15.238
2022-05-22T04:15:00.000Z,15.2415
2022-05-22T08:15:00.000Z,15.569
2022-05-22T12:15:00.000Z,17.0995
2022-05-22T16:15:00.000Z,17.2275
2022-05-22T20:15:00.000Z,17.8565
2022-05-23T00:15:00.000Z,15.3635
2022-05-23T04:15:00.000Z,14.683
2022-05-23T08:15:00.000Z,15.649
2022-05-23T12:15:00.000Z,17.064
2022-05-23T16:15:00.000Z,15.998
2022-05-23T20:15:00.000Z,16.233
2022-05-24T00:15:00.000Z,14.518
2022-05-24T04:15:00.000Z,14.304
2022-05-24T08:15:00.000Z,14.4695
2022-05-24T12:15:00.000Z,15.1715
2022-05-24T16:15:00.000Z,15.097
2022-05-24T20:15:00.000Z,15.443
2022-05-25T00:15:00.000Z,13.84
2022-05-25T04:15:00.000Z,13.8535
2022-05-25T08:15:00.000Z,14.326
2022-05-25T12:15:00.000Z,15.4235
2022-05-25T16:15:00.000Z,15.9175
2022-05-25T20:15:00.000Z,15.2515
2022-05-26T00:15:00.000Z,14.4305
2022-05-26T04:15:00.000Z,14.3425
2022-05-26T08:15:00.000Z,14.913
2022-05-26T12:15:00.000Z,16.326
2022-05-26T16:15:01.000Z,16.2035
2022-05-26T20:15:00.000Z,16.2675
2022-05-27T00:15:01.000Z,14.27
2022-05-27T04:15:00.000Z,14.6355
2022-05-27T08:15:00.000Z,15.4935
2022-05-27T12:15:00.000Z,16.635
2022-05-27T16:15:00.000Z,17.004
2022-05-27T20:15:00.000Z,17.0435
2022-05-28T00:15:00.000Z,14.39
2022-05-28T04:15:00.000Z,14.4665
2022-05-28T08:15:00.000Z,15.284
2022-05-28T12:15:00.000Z,16.859
2022-05-28T16:15:00.000Z,17.2785
2022-05-28T20:15:01.000Z,16.663
2022-05-29T00:15:00.000Z,15.3415
2022-05-29T04:15:01.000Z,14.9085
2022-05-29T08:15:00.000Z,14.86
2022-05-29T12:15:00.000Z,16.0815
2022-05-29T16:15:00.000Z,16.753
2022-05-29T20:15:00.000Z,15.8645
2022-05-30T00:15:00.000Z,14.7955
2022-05-30T04:15:01.000Z,14.566
2022-05-30T08:15:00.000Z,15.607
2022-05-30T12:15:00.000Z,17.658
2022-05-30T16:15:00.000Z,17.5475
2022-05-30T20:15:00.000Z,17.322
2022-05-31T00:15:00.000Z,15.819
2022-05-31T04:15:00.000Z,15.3625
2022-05-31T08:15:00.000Z,15.84
2022-05-31T12:15:00.000Z,17.597
2022-05-31T16:15:00.000Z,17.9955
2022-05-31T20:15:01.000Z,17.858
2022-06-01T00:15:00.000Z,16.421
2022-06-01T04:15:00.000Z,16.044
2022-06-01T08:15:00.000Z,16.5525
2022-06-01T12:15:01.000Z,17.8645
2022-06-01T16:15:00.000Z,18.1355
2022-06-01T20:15:00.000Z,17.273
2022-06-02T00:15:00.000Z,15.5125
2022-06-02T04:15:00.000Z,16.0075
2022-06-02T08:15:00.000Z,16.6735
2022-06-02T12:15:00.000Z,18.716
2022-06-02T16:15:00.000Z,19.4465
2022-06-02T20:15:00.000Z,19.061
2022-06-03T00:15:00.000Z,16.559
2022-06-03T04:15:00.000Z,16.731
2022-06-03T08:15:00.000Z,17.475
2022-06-03T12:15:00.000Z,19.421
2022-06-03T16:15:00.000Z,19.789
2022-06-03T20:15:00.000Z,17.939
2022-06-04T00:15:00.000Z,16.7375
2022-06-04T04:15:00.000Z,16.1865
2022-06-04T08:15:00.000Z,17.095
2022-06-04T12:15:00.000Z,18.268
2022-06-04T16:15:00.000Z,19.455
2022-06-04T20:15:00.000Z,17.7765
2022-06-05T00:15:00.000Z,16.8225
2022-06-05T04:15:00.000Z,16.7325
2022-06-05T08:15:00.000Z,17.425
2022-06-05T12:15:00.000Z,18.7225
2022-06-05T16:15:00.000Z,19.101
2022-06-05T20:15:00.000Z,18.1465
2022-06-06T00:15:00.000Z,17.178
2022-06-06T04:15:00.000Z,16.631
2022-06-06T08:15:01.000Z,16.6685
2022-06-06T12:15:00.000Z,18.465
2022-06-06T16:15:00.000Z,19.122
2022-06-06T20:15:00.000Z,18.7185
2022-06-07T00:15:00.000Z,16.655
2022-06-07T04:15:01.000Z,17.0155
2022-06-07T08:15:01.000Z,16.909
2022-06-07T12:15:00.000Z,18.668
2022-06-07T16:15:01.000Z,19.8905
2022-06-07T20:15:01.000Z,18.905
2022-06-08T00:15:00.000Z,17.1495
2022-06-08T04:15:00.000Z,17.226
2022-06-08T08:15:00.000Z,17.476
2022-06-08T12:15:00.000Z,18.968
2022-06-08T16:15:01.000Z,19.635
2022-06-08T20:15:00.000Z,19.0885
2022-06-09T00:15:00.000Z,17.27
2022-06-09T04:15:00.000Z,16.371
2022-06-09T08:15:00.000Z,17.636
2022-06-09T12:15:00.000Z,19.478
2022-06-09T16:15:00.000Z,20.2295
2022-06-09T20:15:00.000Z,19.467
2022-06-10T00:15:01.000Z,17.9375
2022-06-10T04:15:00.000Z,17.376
2022-06-10T08:15:00.000Z,17.794
2022-06-10T12:15:00.000Z,19.8065
2022-06-10T16:15:01.000Z,20.507
2022-06-10T20:15:01.000Z,20.0665
2022-06-11T00:15:00.000Z,18.1385
2022-06-11T04:15:00.000Z,18.499
2022-06-11T08:15:00.000Z,18.809
2022-06-11T12:15:00.000Z,20.109
2022-06-11T16:15:00.000Z,20.0375
2022-06-11T20:15:00.000Z,19.819
2022-06-12T00:15:00.000Z,18.137
2022-06-12T04:15:00.000Z,18.027
2022-06-12T08:15:00.000Z,18.0585
2022-06-12T12:15:00.000Z,19.8435
2022-06-12T16:15:00.000Z,19.236
2022-06-12T20:15:00.000Z,18.7525
2022-06-13T00:15:00.000Z,17.126
2022-06-13T04:15:00.000Z,16.7285
2022-06-13T08:15:00.000Z,17.3265
2022-06-13T12:15:00.000Z,18.4485
2022-06-13T16:15:00.000Z,18.5985
2022-06-13T20:15:00.000Z,18.237
2022-06-14T00:15:01.000Z,16.7945
2022-06-14T04:15:00.000Z,16.404
2022-06-14T08:15:00.000Z,16.9625
2022-06-14T12:15:00.000Z,18.6685
2022-06-14T16:15:00.000Z,19.037
2022-06-14T20:15:00.000Z,18.924
2022-06-15T00:15:01.000Z,16.9965
2022-06-15T04:15:00.000Z,16.943
2022-06-15T08:15:00.000Z,17.3405
2022-06-15T12:15:00.000Z,19.6545
2022-06-15T16:15:00.000Z,20.5125
2022-06-15T20:15:00.000Z,19.7275
2022-06-16T00:15:01.000Z,17.784
2022-06-16T04:15:00.000Z,17.2885
2022-06-16T08:15:01.000Z,18.279
2022-06-16T12:15:00.000Z,20.3075
2022-06-16T16:15:00.000Z,20.8025
2022-06-16T20:15:01.000Z,19.8665
2022-06-17T00:15:00.000Z,17.538
2022-06-17T04:15:00.000Z,17.096
2022-06-17T08:15:00.000Z,17.4945
2022-06-17T12:15:02.000Z,20.036
2022-06-17T16:15:00.000Z,20.175
2022-06-17T20:15:01.000Z,19.501
2022-06-18T00:15:00.000Z,18.485
2022-06-18T04:15:00.000Z,17.8945
2022-06-18T08:15:00.000Z,18.275
2022-06-18T12:15:00.000Z,20.146
2022-06-18T16:15:00.000Z,20.3975
2022-06-18T20:15:00.000Z,18.995
2022-06-19T00:15:00.000Z,16.5535
2022-06-19T04:15:00.000Z,16.3195
2022-06-19T08:15:00.000Z,17.043
2022-06-19T12:15:00.000Z,18.2425
2022-06-19T16:15:00.000Z,18.581
2022-06-19T20:15:00.000Z,17.461
2022-06-20T00:15:00.000Z,16.608
2022-06-20T04:15:01.000Z,17.4575
2022-06-20T08:15:00.000Z,17.913
2022-06-20T12:15:00.000Z,19.2715
2022-06-20T16:15:04.000Z,20.5715
2022-06-20T20:15:00.000Z,19.439
2022-06-21T00:15:00.000Z,18.6425
2022-06-21T04:15:00.000Z,18.015
2022-06-21T08:15:00.000Z,18.776
2022-06-21T12:15:00.000Z,20.232
2022-06-21T16:15:00.000Z,20.8365
2022-06-21T20:15:00.000Z,20.9665
2022-06-22T00:15:01.000Z,18.389
2022-06-22T04:15:00.000Z,18.236
2022-06-22T08:15:01.000Z,18.419
2022-06-22T12:15:00.000Z,20.036
2022-06-22T16:15:00.000Z,20.831
2022-06-22T20:15:00.000Z,19.504
2022-06-23T00:15:00.000Z,18.2705
2022-06-23T04:15:00.000Z,18.3695
2022-06-23T08:15:00.000Z,19.668
2022-06-23T12:15:01.000Z,20.5245
2022-06-23T16:15:01.000Z,21.4085
2022-06-23T20:15:01.000Z,21.007
2022-06-24T00:15:00.000Z,19.0965
2022-06-24T04:15:00.000Z,19.3365
2022-06-24T08:15:00.000Z,20.5715
2022-06-24T12:15:00.000Z,22.068
2022-06-24T16:15:00.000Z,22.6315
2022-06-24T20:15:00.000Z,21.0005
2022-06-25T00:15:00.000Z,19.4365
2022-06-25T04:15:00.000Z,19.863
2022-06-25T08:15:00.000Z,20.465
2022-06-25T12:15:00.000Z,21.8545
2022-06-25T16:15:01.000Z,22.07
2022-06-25T20:15:00.000Z,22.01
2022-06-26T00:15:00.000Z,19.828
2022-06-26T04:15:00.000Z,20.406
2022-06-26T08:15:00.000Z,20.8455
2022-06-26T12:15:01.000Z,22.409
2022-06-26T16:15:00.000Z,21.8695
2022-06-26T20:15:00.000Z,22.355
2022-06-27T00:15:00.000Z,20.1855
2022-06-27T04:15:00.000Z,20.1985
2022-06-27T08:15:00.000Z,19.9815
2022-06-27T12:15:00.000Z,21.235
2022-06-27T16:15:00.000Z,21.973
2022-06-27T20:15:00.000Z,21.079
2022-06-28T00:15:00.000Z,19.7635
2022-06-28T04:15:00.000Z,19.487
2022-06-28T08:15:00.000Z,19.5965
2022-06-28T12:15:00.000Z,20.842
2022-06-28T16:15:01.000Z,21.4045
2022-06-28T20:15:00.000Z,20.5785
2022-06-29T00:15:00.000Z,18.2045
2022-06-29T04:15:00.000Z,17.9655
2022-06-29T08:15:00.000Z,18.022
2022-06-29T12:15:00.000Z,20.154
2022-06-29T16:15:00.000Z,21.276
2022-06-29T20:15:00.000Z,20.831
2022-06-30T00:15:00.000Z,18.863
2022-06-30T04:15:00.000Z,18.179
2022-06-30T08:15:00.000Z,18.366
2022-06-30T12:15:00.000Z,19.8725
2022-06-30T16:15:00.000Z,20.563
2022-06-30T20:15:00.000Z,20.3545
2022-07-01T00:15:00.000Z,18.784
2022-07-01T04:15:00.000Z,18.2365
2022-07-01T08:15:00.000Z,18.249
2022-07-01T12:15:00.000Z,19.362
2022-07-01T16:15:00.000Z,19.6405
2022-07-01T20:15:00.000Z,19.799
2022-07-02T00:15:00.000Z,18.7265
2022-07-02T04:15:01.000Z,18.545
2022-07-02T08:15:00.000Z,18.5685
2022-07-02T12:15:01.000Z,20.3905
2022-07-02T16:15:01.000Z,20.9915
2022-07-02T20:15:01.000Z,21.243
2022-07-03T00:15:00.000Z,19.8445
2022-07-03T04:15:01.000Z,18.79
2022-07-03T08:15:00.000Z,18.5385
2022-07-03T12:15:01.000Z,19.9315
2022-07-03T16:15:00.000Z,20.8015
2022-07-03T20:15:01.000Z,20.6085
2022-07-04T00:15:01.000Z,19.2
2022-07-04T04:15:00.000Z,17.866
2022-07-04T08:15:00.000Z,18.596
2022-07-04T12:15:00.000Z,19.8885
2022-07-04T16:15:00.000Z,20.911
2022-07-04T20:15:00.000Z,21.104
2022-07-05T00:15:00.000Z,18.874
2022-07-05T04:15:00.000Z,18.056
2022-07-05T08:15:00.000Z,18.0925
2022-07-05T12:15:00.000Z,20.162
2022-07-05T16:15:01.000Z,20.5435
2022-07-05T20:15:00.000Z,20.306
2022-07-06T00:15:00.000Z,19.281
2022-07-06T04:15:00.000Z,18.0135
2022-07-06T08:15:00.000Z,18.105
2022-07-06T12:15:00.000Z,19.809
2022-07-06T16:15:01.000Z,20.252
2022-07-06T20:15:00.000Z,19.756
2022-07-07T00:15:00.000Z,17.869
2022-07-07T04:15:00.000Z,18.1755
2022-07-07T08:15:00.000Z,18.502
2022-07-07T12:15:01.000Z,19.865
2022-07-07T16:15:00.000Z,19.8075
2022-07-07T20:15:01.000Z,19.601
2022-07-08T00:15:00.000Z,18.8715
2022-07-08T04:15:01.000Z,17.947
2022-07-08T08:15:01.000Z,17.8285
2022-07-08T12:15:01.000Z,19.9215
2022-07-08T16:15:02.000Z,20.649
2022-07-08T20:15:00.000Z,21.083
2022-07-09T00:15:01.000Z,19.197
2022-07-09T04:15:01.000Z,18.5305
2022-07-09T08:15:00.000Z,18.8785
2022-07-09T12:15:00.000Z,19.4675
2022-07-09T16:15:01.000Z,19.882
2022-07-09T20:15:00.000Z,19.742
2022-07-10T00:15:00.000Z,18.2535
2022-07-10T04:15:00.000Z,17.317
2022-07-10T08:15:00.000Z,17.57
2022-07-10T12:15:00.000Z,19.167
2022-07-10T16:15:00.000Z,20.1935
2022-07-10T20:15:01.000Z,19.9165
2022-07-11T00:15:00.000Z,18.276
2022-07-11T04:15:00.000Z,17.6835
2022-07-11T08:15:00.000Z,17.525
2022-07-11T12:15:00.000Z,18.9945
2022-07-11T16:15:00.000Z,19.9925
2022-07-11T20:15:00.000Z,20.8515
2022-07-12T00:15:00.000Z,19.1715
2022-07-12T04:15:00.000Z,18.792
2022-07-12T08:15:01.000Z,18.4145
2022-07-12T12:15:00.000Z,19.86
2022-07-12T16:15:00.000Z,21.472
2022-07-12T20:15:01.000Z,21.485
2022-07-13T00:15:00.000Z,20.0785
2022-07-13T04:15:00.000Z,19.0595
2022-07-13T08:15:01.000Z,19.2775
2022-07-13T12:15:01.000Z,20.9095
2022-07-13T16:15:01.000Z,21.378
2022-07-13T20:15:00.000Z,21.7735
2022-07-14T00:15:00.000Z,19.593
2022-07-14T04:15:00.000Z,18.648
2022-07-14T08:15:00.000Z,18.9155
2022-07-14T12:15:01.000Z,20.102
2022-07-14T16:15:01.000Z,20.0105
2022-07-14T20:15:01.000Z,19.955
2022-07-15T00:15:01.000Z,18.5925
2022-07-15T04:15:12.000Z,18.435
2022-07-15T08:15:01.000Z,18.6405
2022-07-15T12:15:01.000Z,20.058
2022-07-15T16:15:00.000Z,20.9255
2022-07-15T20:15:00.000Z,20.5975
2022-07-16T00:15:02.000Z,18.631
2022-07-16T04:15:01.000Z,18.449
2022-07-16T08:15:00.000Z,18.715
2022-07-16T12:15:01.000Z,21.0315
2022-07-16T16:15:00.000Z,22.118
2022-07-16T20:15:01.000Z,20.617
2022-07-17T00:15:00.000Z,19.0305
2022-07-17T04:15:00.000Z,19.313
2022-07-17T08:15:01.000Z,19.5125
2022-07-17T12:15:00.000Z,21.5075
2022-07-17T16:15:00.000Z,21.6295
2022-07-17T20:15:00.000Z,21.727
2022-07-18T00:15:01.000Z,20.0675
2022-07-18T04:15:00.000Z,19.277
2022-07-18T08:15:01.000Z,19.592
2022-07-18T12:15:00.000Z,21.9285
2022-07-18T16:15:00.000Z,22.4035
2022-07-18T20:15:00.000Z,22.9675
2022-07-19T00:15:00.000Z,20.491
2022-07-19T04:15:00.000Z,19.5185
2022-07-19T08:15:01.000Z,19.4115
2022-07-19T12:15:00.000Z,21.7535
2022-07-19T16:15:01.000Z,22.866
2022-07-19T20:15:01.000Z,23.1545
2022-07-20T00:15:01.000Z,20.6055
2022-07-20T04:15:00.000Z,20.2375
2022-07-20T08:15:01.000Z,20.1465
2022-07-20T12:15:00.000Z,20.6355
2022-07-20T16:15:00.000Z,22.2125
2022-07-20T20:15:00.000Z,21.2035
2022-07-21T00:15:01.000Z,19.742
2022-07-21T04:15:00.000Z,19.382
2022-07-21T08:15:00.000Z,19.254
2022-07-21T12:15:00.000Z,20.4165
2022-07-21T16:15:03.000Z,21.53
2022-07-21T20:15:01.000Z,20.816
2022-07-22T00:15:00.000Z,19.743
2022-07-22T04:15:01.000Z,19.7945
2022-07-22T08:15:02.000Z,19.536
2022-07-22T12:15:01.000Z,20.135
2022-07-22T16:15:00.000Z,21.023
2022-07-22T20:15:01.000Z,20.838
2022-07-23T00:15:00.000Z,19.3
2022-07-23T04:15:00.000Z,18.7995
2022-07-23T08:15:00.000Z,19.829
2022-07-23T12:15:01.000Z,20.688
2022-07-23T16:15:00.000Z,21.1835
2022-07-23T20:15:01.000Z,21.3125
2022-07-24T00:15:00.000Z,19.4785
2022-07-24T04:15:00.000Z,19.2335
2022-07-24T08:15:01.000Z,19.554
2022-07-24T12:15:00.000Z,21.116
2022-07-24T16:15:00.000Z,21.498
2022-07-24T20:15:00.000Z,21.72
2022-07-25T00:15:00.000Z,20.4
2022-07-25T04:15:00.000Z,19.7075
2022-07-25T08:15:01.000Z,20.072
2022-07-25T12:15:00.000Z,21.127
2022-07-25T16:15:00.000Z,21.549
2022-07-25T20:15:01.000Z,20.4785
2022-07-26T00:15:00.000Z,19.7655
2022-07-26T04:15:00.000Z,19.2175
2022-07-26T08:15:01.000Z,19.8055
2022-07-26T12:15:00.000Z,20.7855
2022-07-26T16:15:00.000Z,21.1875
2022-07-26T20:15:01.000Z,20.798
2022-07-27T00:15:00.000Z,19.4485
2022-07-27T04:15:00.000Z,19.308
2022-07-27T08:15:00.000Z,19.4055
2022-07-27T12:15:00.000Z,20.804
2022-07-27T16:15:01.000Z,21.495
2022-07-27T20:15:00.000Z,20.939
2022-07-28T00:15:02.000Z,19.6515
2022-07-28T04:15:01.000Z,18.8365
2022-07-28T08:15:01.000Z,19.371
2022-07-28T12:15:00.000Z,20.982
2022-07-28T16:15:01.000Z,20.866
2022-07-28T20:15:01.000Z,20.521
2022-07-29T00:15:00.000Z,18.973
2022-07-29T04:15:01.000Z,19.064
2022-07-29T08:15:01.000Z,19.477
2022-07-29T12:15:01.000Z,21.0725
2022-07-29T16:15:03.000Z,21.1335
2022-07-29T20:15:26.000Z,21.399
2022-07-30T00:15:00.000Z,19.6355
2022-07-30T04:15:01.000Z,19.398
2022-07-30T08:15:00.000Z,19.4535
2022-07-30T12:15:00.000Z,21.13
2022-07-30T16:15:00.000Z,20.8315
2022-07-30T20:15:00.000Z,20.6905
2022-07-31T00:15:00.000Z,19.596
2022-07-31T04:15:00.000Z,18.9695
2022-07-31T08:15:00.000Z,18.877
2022-07-31T12:15:00.000Z,20.032
2022-07-31T16:15:00.000Z,20.679
2022-07-31T20:15:00.000Z,20.643
2022-08-01T00:15:00.000Z,19.3055
2022-08-01T04:15:00.000Z,19.365
2022-08-01T08:15:01.000Z,19.9655
2022-08-01T12:15:01.000Z,20.299
2022-08-01T16:15:00.000Z,20.4895
2022-08-01T20:15:00.000Z,21.265
2022-08-02T00:15:00.000Z,19.5825
2022-08-02T04:15:01.000Z,19.0435
2022-08-02T08:15:01.000Z,19.1555
2022-08-02T12:15:00.000Z,20.4905
2022-08-02T16:15:00.000Z,21.442
2022-08-02T20:15:01.000Z,22.0715
2022-08-03T00:15:00.000Z,20.653
2022-08-03T04:15:01.000Z,20.044
2022-08-03T08:15:01.000Z,20.3485
2022-08-03T12:15:01.000Z,21.7925
2022-08-03T16:15:00.000Z,22.432
2022-08-03T20:15:00.000Z,22.3395
2022-08-04T00:15:00.000Z,21.469
2022-08-04T04:15:01.000Z,20.32
2022-08-04T08:15:02.000Z,20.2495
2022-08-04T12:15:00.000Z,21.551
2022-08-04T16:15:01.000Z,21.696
2022-08-04T20:15:02.000Z,21.824
2022-08-05T00:15:01.000Z,20.4455
2022-08-05T04:15:01.000Z,20.253
2022-08-05T08:15:01.000Z,20.16
2022-08-05T12:15:00.000Z,21.137
2022-08-05T16:15:01.000Z,21.898
2022-08-05T20:15:00.000Z,21.957
2022-08-06T00:15:00.000Z,19.984
2022-08-06T04:15:01.000Z,19.039
2022-08-06T08:15:01.000Z,19.4
2022-08-06T12:15:01.000Z,20.533
2022-08-06T16:15:00.000Z,21.6045
2022-08-06T20:15:01.000Z,21.646
2022-08-07T00:15:00.000Z,20.154
2022-08-07T04:15:00.000Z,19.4125
2022-08-07T08:15:00.000Z,18.621
2022-08-07T12:15:00.000Z,20.278
2022-08-07T16:15:01.000Z,20.983
2022-08-07T20:15:00.000Z,21.5345
2022-08-08T00:15:00.000Z,19.8475
2022-08-08T04:15:00.000Z,19.516
2022-08-08T08:15:01.000Z,19.0785
2022-08-08T12:15:00.000Z,21.0535
2022-08-08T16:15:00.000Z,21.7665
2022-08-08T20:15:01.000Z,21.5115
2022-08-09T00:15:00.000Z,20.052
2022-08-09T04:15:01.000Z,19.164
2022-08-09T08:15:00.000Z,18.873
2022-08-09T12:15:01.000Z,20.2755
2022-08-09T16:15:01.000Z,21.027
2022-08-09T20:15:01.000Z,21.214
2022-08-10T00:15:01.000Z,19.4915
2022-08-10T04:15:00.000Z,19.311
2022-08-10T08:15:00.000Z,19.0675
2022-08-10T12:15:01.000Z,20.9805
2022-08-10T16:15:02.000Z,21.3675
2022-08-10T20:15:01.000Z,21.369
2022-08-11T00:15:02.000Z,19.4875
2022-08-11T04:15:01.000Z,18.5155
2022-08-11T08:15:01.000Z,18.357
2022-08-11T12:15:00.000Z,20.6565
2022-08-11T16:15:01.000Z,21.641
2022-08-12T00:15:00.000Z,20.2425
2022-08-12T04:15:01.000Z,18.845
2022-08-12T08:15:01.000Z,18.294
2022-08-12T12:15:00.000Z,20.7275
2022-08-12T16:15:00.000Z,21.8255
2022-08-12T20:15:01.000Z,21.846
2022-08-13T00:15:01.000Z,19.9255
2022-08-13T04:15:00.000Z,18.924
2022-08-13T08:15:00.000Z,18.4835
2022-08-13T12:15:00.000Z,20.548
2022-08-13T16:15:00.000Z,21.5295
2022-08-13T20:15:01.000Z,21.56
2022-08-14T00:15:00.000Z,20.035
2022-08-14T04:15:00.000Z,18.756
2022-08-14T08:15:00.000Z,18.932
2022-08-14T12:15:00.000Z,20.5045
2022-08-14T16:15:00.000Z,21.414
2022-08-14T20:15:00.000Z,21.613
2022-08-15T00:15:00.000Z,19.5825
2022-08-15T04:15:00.000Z,19.195
2022-08-15T08:15:00.000Z,19.184
2022-08-15T12:15:00.000Z,21.0325
2022-08-15T16:15:00.000Z,21.712
2022-08-15T20:15:01.000Z,21.9625
2022-08-16T00:15:00.000Z,20.647
2022-08-16T04:15:01.000Z,19.9085
2022-08-16T08:15:01.000Z,19.7565
2022-08-16T12:15:00.000Z,20.719
2022-08-16T16:15:00.000Z,20.957
2022-08-16T20:15:01.000Z,20.5205
2022-08-17T00:15:01.000Z,19.2795
2022-08-17T04:15:00.000Z,19.121
2022-08-17T08:15:01.000Z,19.252
2022-08-17T12:15:00.000Z,20.2495
2022-08-17T16:15:00.000Z,20.973
2022-08-17T20:15:01.000Z,20.535
2022-08-18T00:15:01.000Z,19.2825
2022-08-18T04:15:00.000Z,18.7135
2022-08-18T08:15:00.000Z,18.4905
2022-08-18T12:15:00.000Z,19.7855
2022-08-18T16:15:01.000Z,20.9895
2022-08-18T20:15:01.000Z,21.365
2022-08-19T00:15:01.000Z,20.1565
2022-08-19T04:15:01.000Z,19.635
2022-08-19T08:15:00.000Z,19.1165
2022-08-19T12:15:00.000Z,20.088
2022-08-19T16:15:00.000Z,20.2675
2022-08-19T20:15:01.000Z,20.475
2022-08-20T00:15:01.000Z,19.04
2022-08-20T04:15:00.000Z,18.4265
2022-08-20T08:15:00.000Z,17.957
2022-08-20T12:15:01.000Z,19.1865
2022-08-20T16:15:00.000Z,19.4815
2022-08-20T20:15:01.000Z,20.326
2022-08-21T00:15:00.000Z,18.8125
2022-08-21T04:15:01.000Z,17.6815
2022-08-21T08:15:00.000Z,17.639
2022-08-21T12:15:00.000Z,19.5745
2022-08-21T16:15:00.000Z,20.3035
2022-08-21T20:15:01.000Z,19.435
2022-08-22T00:15:00.000Z,18.541
2022-08-22T04:15:01.000Z,17.532
2022-08-22T08:15:00.000Z,17.8895
2022-08-22T12:15:01.000Z,19.8055
2022-08-22T16:15:00.000Z,19.63
2022-08-22T20:15:00.000Z,19.378
2022-08-23T00:15:01.000Z,18.696
2022-08-23T04:15:01.000Z,18.3155
2022-08-23T08:15:01.000Z,17.4305
2022-08-23T12:15:00.000Z,19.5605
2022-08-23T16:15:01.000Z,20.917
2022-08-23T20:15:00.000Z,21.721
2022-08-24T00:15:01.000Z,19.7325
2022-08-24T04:15:00.000Z,18.294
2022-08-24T08:15:01.000Z,18.374
2022-08-24T12:15:01.000Z,19.9875
2022-08-24T16:15:00.000Z,20.8565
2022-08-24T20:15:00.000Z,21.302
2022-08-25T00:15:01.000Z,19.2505
2022-08-25T04:15:01.000Z,19.113
2022-08-25T08:15:00.000Z,18.6765
2022-08-25T12:15:00.000Z,20.2345
2022-08-25T16:15:00.000Z,20.817
2022-08-25T20:15:01.000Z,20.4745
2022-08-26T00:15:00.000Z,18.514
2022-08-26T04:15:00.000Z,17.9155
2022-08-26T08:15:00.000Z,18.247
2022-08-26T12:15:00.000Z,19.5335
2022-08-26T16:15:01.000Z,19.924
2022-08-26T20:15:01.000Z,18.9925
2022-08-27T00:15:00.000Z,17.369
2022-08-27T04:15:00.000Z,17.526
2022-08-27T08:15:00.000Z,18.041
2022-08-27T12:15:01.000Z,19.0435
2022-08-27T16:15:01.000Z,19.7845
2022-08-27T20:15:00.000Z,19.3865
2022-08-28T00:15:01.000Z,17.776
2022-08-28T04:15:01.000Z,16.6155
2022-08-28T08:15:00.000Z,16.513
2022-08-28T12:15:01.000Z,18.1715
2022-08-28T16:15:00.000Z,18.8405
2022-08-28T20:15:00.000Z,18.5565
2022-08-29T00:15:01.000Z,17.0345
2022-08-29T04:15:00.000Z,17.703
2022-08-29T08:15:00.000Z,17.3145
2022-08-29T12:15:01.000Z,18.5085
2022-08-29T16:15:01.000Z,18.8665
2022-08-29T20:15:01.000Z,18.4315
2022-08-30T00:15:01.000Z,17.7785
2022-08-30T04:15:01.000Z,17.4335
2022-08-30T08:15:01.000Z,17.009
2022-08-30T12:15:00.000Z,18.17
2022-08-30T16:15:01.000Z,18.9105
2022-08-30T20:15:02.000Z,19.131
2022-08-31T00:15:00.000Z,18.396
2022-08-31T04:15:02.000Z,17.2015
2022-08-31T08:15:01.000Z,16.9255
2022-08-31T12:15:01.000Z,18.94
2022-08-31T16:15:00.000Z,19.853
2022-08-31T20:15:00.000Z,19.661
2022-09-01T00:15:01.000Z,18.622
2022-09-01T04:15:00.000Z,17.5655
2022-09-01T08:15:00.000Z,17.31
2022-09-01T12:15:00.000Z,18.6205
2022-09-01T16:15:01.000Z,19.5735
2022-09-01T20:15:01.000Z,18.988
2022-09-02T00:15:01.000Z,18.2835
2022-09-02T04:15:01.000Z,16.886
2022-09-02T08:15:01.000Z,17.183
2022-09-02T12:15:00.000Z,17.3795
2022-09-02T16:15:00.000Z,17.731
2022-09-02T20:15:00.000Z,18.1855
2022-09-03T00:15:01.000Z,18.2915
2022-09-03T04:15:00.000Z,17.032
2022-09-03T08:15:01.000Z,16.7935
2022-09-03T12:15:00.000Z,18.217
2022-09-03T20:15:01.000Z,18.874
2022-09-04T00:15:01.000Z,17.8385
2022-09-04T04:15:00.000Z,17.2775
2022-09-04T08:15:00.000Z,16.693
2022-09-04T12:15:00.000Z,18.3965
2022-09-04T16:15:00.000Z,18.3985
2022-09-04T20:15:00.000Z,18.0285
2022-09-05T00:15:01.000Z,17.395
2022-09-05T04:15:00.000Z,16.9055
2022-09-05T08:15:00.000Z,16.8735
2022-09-05T12:15:00.000Z,18.4205
2022-09-05T16:15:00.000Z,18.3095
2022-09-05T20:15:00.000Z,18.03
2022-09-06T00:15:01.000Z,17.4575
2022-09-06T04:15:01.000Z,16.709
2022-09-06T08:15:01.000Z,16.31
2022-09-06T12:32:12.194Z,18.0665
2022-09-06T16:22:16.275Z,18.1695
2022-09-06T20:16:20.475Z,17.1435
2022-09-07T01:49:49.663Z,16.0445
2022-09-07T05:36:57.246Z,16.1175
2022-09-07T08:22:18.634Z,17.2575
2022-09-07T12:32:53.027Z,17.8355
2022-09-07T16:21:27.177Z,17.5065
2022-09-07T20:18:53.296Z,16.589
2022-09-08T01:45:35.034Z,16.536
2022-09-08T05:20:23.297Z,16.4205
2022-09-08T08:19:55.842Z,17.259
2022-09-08T12:32:19.310Z,17.19
2022-09-08T16:22:37.702Z,16.6535
2022-09-08T20:18:40.432Z,16.8175
2022-09-09T01:52:11.486Z,16.5395
2022-09-09T05:11:44.642Z,16.813
2022-09-09T08:23:40.924Z,17.6635
2022-09-09T12:32:20.969Z,18.588
2022-09-09T16:22:27.421Z,18.395
2022-09-09T20:18:01.314Z,18.475
2022-09-10T01:45:53.715Z,17.162
2022-09-10T05:12:10.049Z,16.6625
2022-09-10T08:20:23.678Z,17.478
2022-09-10T12:29:07.283Z,18.231
2022-09-10T16:21:27.801Z,17.984
2022-09-10T20:16:44.162Z,18.1495
2022-09-11T01:43:20.426Z,16.624
2022-09-11T05:02:55.788Z,16.389
2022-09-11T08:19:18.070Z,17.469
2022-09-11T12:29:33.211Z,18.4835
2022-09-11T16:21:38.696Z,17.672
2022-09-11T20:17:12.344Z,17.141
2022-09-12T01:53:57.367Z,16.439
2022-09-12T05:29:54.605Z,16.98
2022-09-12T08:21:51.655Z,17.8225
2022-09-12T12:36:05.129Z,18.2065
2022-09-12T16:25:56.756Z,18.308
2022-09-12T20:18:07.534Z,17.7785
2022-09-13T01:51:18.528Z,17.159
2022-09-13T05:27:55.735Z,17.4745
2022-09-13T08:21:07.333Z,18.0065
2022-09-13T12:35:11.708Z,18.111
2022-09-13T16:22:25.914Z,17.568
2022-09-13T20:17:55.976Z,17.2455
2022-09-14T01:43:25.293Z,16.745
2022-09-14T05:23:34.987Z,16.2875
2022-09-14T08:20:36.328Z,17.12
2022-09-14T12:33:49.274Z,17.896
2022-09-14T16:23:15.071Z,17.744
2022-09-14T20:19:04.977Z,16.765
2022-09-15T01:52:12.601Z,16.203
2022-09-15T05:21:24.256Z,16.291
2022-09-15T08:23:37.540Z,16.9245
2022-09-15T12:37:09.912Z,17.1005
2022-09-15T16:23:14.528Z,16.6785
2022-09-15T20:17:47.872Z,15.6415
2022-09-16T01:54:24.805Z,15.264
2022-09-16T05:24:23.772Z,15.008
2022-09-16T08:21:06.242Z,15.8185
2022-09-16T12:31:48.408Z,15.7025
2022-09-16T16:22:40.697Z,15.6865
2022-09-16T20:17:49.353Z,15.3375
